timestamp,gt_x,gt_y,est_x,est_y,position_error_m,max_belief
0.02,-0.4588,-0.55,-0.4750000000000001,-0.21500000000000008,0.33539147275981834,0.0003893913679198998
0.18,-0.4588,-0.55,-0.45500000000000007,-0.21500000000000008,0.33502155154556845,0.0007795743598787332
0.34,-0.4588,-0.55,-0.42500000000000004,0.5049999999999999,1.055541301892067,0.001394311901022797
0.5,-0.4588,-0.55,-0.42500000000000004,0.5150000000000001,1.0655362218151012,0.0023213332689819245
0.66,-0.4588,-0.55,-0.42500000000000004,0.5150000000000001,1.0655362218151012,0.003142172135265831
0.82,-0.4588,-0.55,-0.42500000000000004,0.5249999999999999,1.0755312361805212,0.0038747570566437296
0.98,-0.4588,-0.55,-0.42500000000000004,0.5249999999999999,1.0755312361805212,0.004550783295151235
1.14,-0.4588,-0.55,-0.42500000000000004,0.5249999999999999,1.0755312361805212,0.00519090002418759
1.3,-0.4588,-0.55,-0.42500000000000004,0.5249999999999999,1.0755312361805212,0.005804216918595215
1.46,-0.4588,-0.55,-0.42500000000000004,0.5350000000000001,1.0855263423795851,0.006415436147917726
1.62,-0.4588,-0.55,-0.42500000000000004,0.5350000000000001,1.0855263423795851,0.007032984006005028
1.78,-0.4588,-0.55,-0.42500000000000004,0.5350000000000001,1.0855263423795851,0.007639646550890047
1.94,-0.4588,-0.55,-0.42500000000000004,0.5350000000000001,1.0855263423795851,0.008244353999856157
2.1,-0.4588,-0.55,-0.42500000000000004,0.5350000000000001,1.0855263423795851,0.008833367455553087
2.26,-0.4588,-0.55,-0.42500000000000004,0.5350000000000001,1.0855263423795851,0.009422179748349543
2.42,-0.4588,-0.55,-0.42500000000000004,0.5350000000000001,1.0855263423795851,0.010007559493947805
2.58,-0.4588,-0.55,-0.42500000000000004,0.5350000000000001,1.0855263423795851,0.010585700197512362
2.74,-0.4588,-0.55,-0.42500000000000004,0.5350000000000001,1.0855263423795851,0.011165688413192897
2.9,-0.4588,-0.55,-0.42500000000000004,0.5350000000000001,1.0855263423795851,0.011742498500871628
3.06,-0.4588,-0.55,-0.42500000000000004,0.5350000000000001,1.0855263423795851,0.012322975632055538
3.22,-0.4588,-0.55,-0.42500000000000004,0.5350000000000001,1.0855263423795851,0.01288445601970079
3.38,-0.450378,-0.55,-0.41500000000000004,0.5350000000000001,1.0855766222998726,0.013452236841179077
3.54,-0.426377,-0.550002,-0.395,0.5350000000000001,1.0854555984161676,0.014016903688862405
3.7,-0.402377,-0.550004,-0.375,0.5350000000000001,1.0853493355344168,0.014585692538310012
3.86,-0.389867,-0.550005,-0.365,0.5350000000000001,1.08528992334491,0.015143309533530297
4.02,-0.389868,-0.550005,-0.365,0.5350000000000001,1.0852899462581418,0.015709737841305138
4.18,-0.389868,-0.550005,-0.365,0.5350000000000001,1.0852899462581418,0.016267275976451997
4.34,-0.366445,-0.550007,-0.345,0.5350000000000001,1.08521890790476,0.016776981395541762
4.5,-0.342445,-0.550009,-0.32499999999999996,0.5350000000000001,1.0851492331039083,0.017307456433167175
4.66,-0.318445,-0.550011,-0.30499999999999994,0.5350000000000001,1.085094299195236,0.017820889791698435
4.82,-0.294445,-0.550013,-0.2849999999999999,0.5350000000000001,1.0850541084176402,0.01829764061358452
4.98,-0.270445,-0.550014,-0.2649999999999999,0.5350000000000001,1.0850276624220234,0.018780249358229955
5.14,-0.246445,-0.550016,-0.23499999999999988,0.5350000000000001,1.0850763605760656,0.019296493021914052
5.3,-0.222445,-0.550018,-0.21500000000000008,0.5350000000000001,1.0850435421442775,0.019934160280024912
5.46,-0.198445,-0.55002,-0.19500000000000006,0.5350000000000001,1.0850254690213499,0.02056909379255681
5.62,-0.174445,-0.550022,-0.17500000000000004,0.5350000000000001,1.0850221419441173,0.021119823004399622
5.78,-0.150445,-0.550024,-0.15500000000000003,0.5350000000000001,1.085033561048229,0.021674627749269745
5.94,-0.126445,-0.550026,-0.135,0.5350000000000001,1.0850597258681203,0.022170785387156913
6.1,-0.102445,-0.550028,-0.10499999999999998,0.5350000000000001,1.08503100822465,0.02266074468928864
6.26,-0.078445,-0.550029,-0.08499999999999996,0.5350000000000001,1.0850488002232894,0.023427676206188325
6.42,-0.054445,-0.550031,-0.06499999999999995,0.5350000000000001,1.085082337422373,0.024188101012672807
6.58,-0.030445,-0.550033,-0.04499999999999993,0.5350000000000001,1.0851306184575202,0.02487834621830395
6.74,-0.006445,-0.550035,-0.02499999999999991,0.5350000000000001,1.0851936413608405,0.02556346511233281
6.9,-0.002309,-0.550028,-0.02499999999999991,0.5350000000000001,1.0852652405126593,0.026069519294852787
7.06,-0.002331,-0.550022,-0.02499999999999991,0.5350000000000001,1.085258782063062,0.026495964446857492
7.22,0.01184,-0.546902,-0.014999999999999902,0.5350000000000001,1.0822348743244232,0.026849701236622055
7.38,0.035318,-0.541912,-0.004999999999999893,0.5350000000000001,1.0776664590066818,0.027161703704776507
7.54,0.047883,-0.539285,0.0050000000000001155,0.5350000000000001,1.0751405549573507,0.027491270631512448
7.7,0.047847,-0.539278,0.0050000000000001155,0.5350000000000001,1.0751321252260115,0.02759178922034524
7.86,0.047824,-0.53927,0.015000000000000124,0.5350000000000001,1.0747713467877718,0.030288824720003438
8.02,0.047813,-0.539261,0.015000000000000124,0.5249999999999999,1.0647667205026647,0.01303839910535431
8.18,0.0663,-0.523933,-0.45500000000000007,0.17500000000000004,0.8719294859614509,0.0018016924990541024
8.34,0.078133,-0.514118,-0.44500000000000006,0.16500000000000004,0.8572452353982494,0.0026686660928948855
8.5,0.084009,-0.507577,-0.44500000000000006,0.135,0.8323194837380655,0.003376974254537506
8.66,0.090273,-0.500603,-0.44500000000000006,0.11499999999999999,0.8157721729367827,0.004126606913729118
8.82,0.100531,-0.486178,-0.43500000000000005,0.10499999999999998,0.7976746703042539,0.004786235271213864
8.98,0.100565,-0.485862,-0.43500000000000005,0.07499999999999996,0.7754972935278369,0.004899416264104034
9.14,0.100548,-0.485862,-0.42500000000000004,0.03500000000000014,0.7399310260747283,0.004754918566610252
9.3,0.101015,-0.483533,-0.41500000000000004,0.0050000000000001155,0.7105884690269045,0.0048134487581418806
9.46,0.105469,-0.459931,-0.405,0.0050000000000001155,0.6904632030180899,0.003510562915483274
9.62,0.109924,-0.436344,-0.22499999999999987,-0.41500000000000004,0.33560341492899015,0.001444900777960188
9.78,0.110519,-0.43258,-0.19500000000000006,-0.43500000000000005,0.30552858419630735,0.002504411218065316
9.94,0.110244,-0.427417,-0.15500000000000003,-0.44500000000000006,0.2658261488736577,0.003192888329037464
10.1,0.108951,-0.403437,-0.135,-0.42500000000000004,0.244902130186734,0.00375614951294761
10.26,0.107664,-0.379469,-0.11499999999999999,-0.405,0.22412293246564483,0.004339902040048028
10.42,0.106377,-0.355504,-0.10499999999999998,-0.385,0.21342504573034532,0.004918343824086672
10.58,0.10509,-0.331538,-0.08499999999999996,-0.375,0.1949952654399588,0.005488795062161918
10.74,0.103803,-0.307573,-0.07499999999999996,-0.355,0.18498603498102226,0.006103675524244508
10.9,0.102516,-0.283607,-0.07499999999999996,-0.33499999999999996,0.18480576480456443,0.0067067502451157775
11.06,0.101229,-0.259642,-0.06499999999999995,-0.31499999999999995,0.1752044194790759,0.007245218531807814
11.22,0.099942,-0.235676,-0.06499999999999995,-0.29499999999999993,0.17528605289640126,0.007817346687361658
11.38,0.098655,-0.211711,-0.05499999999999994,-0.2749999999999999,0.16617868860356302,0.008431619728851682
11.54,0.097734,-0.192703,-0.05499999999999994,-0.2549999999999999,0.1649502681567992,0.00908038059398855
11.7,0.098116,-0.175585,-0.05499999999999994,-0.22499999999999987,0.16089236054269315,0.009694832792370333
11.86,0.098662,-0.151588,-0.05499999999999994,-0.20500000000000007,0.1626802138798692,0.01034278725893963
12.02,0.099206,-0.127593,-0.05499999999999994,-0.18500000000000005,0.1645449910662734,0.011006086006885733
12.18,0.099749,-0.103599,-0.05499999999999994,-0.16500000000000004,0.16648524199459838,0.0116551679073763
12.34,0.100293,-0.079605,-0.05499999999999994,-0.14500000000000002,0.16850051001109753,0.01229787768715778
12.5,0.100837,-0.055612,-0.05499999999999994,-0.125,0.1705868257310628,0.012924911117941525
12.66,0.10138,-0.031618,-0.05499999999999994,-0.10499999999999998,0.1727414898743205,0.013493717418564604
12.82,0.101924,-0.007624,-0.05499999999999994,-0.08499999999999996,0.1749633880330396,0.014021002759837236
12.98,0.102468,0.01637,-0.05499999999999994,-0.05499999999999994,0.17288680667997766,0.01455056986101834
13.14,0.103011,0.040364,-0.05499999999999994,-0.03499999999999992,0.17506344169186203,0.01521205031876803
13.3,0.103555,0.064358,-0.05499999999999994,-0.014999999999999902,0.17730589440004516,0.01583980640083459
13.46,0.104099,0.088351,-0.05499999999999994,0.0050000000000001155,0.17961035883823617,0.016423144647229094
13.62,0.104642,0.112345,-0.05499999999999994,0.025000000000000133,0.18197449598501422,0.016927246010789977
13.78,0.105186,0.136339,-0.05499999999999994,0.04499999999999993,0.1843973088659376,0.01741107714206823
13.94,0.105729,0.160333,-0.05499999999999994,0.07499999999999996,0.18197673568343836,0.01811341129732936
14.1,0.106273,0.184327,-0.05499999999999994,0.09499999999999997,0.184359142594014,0.018870219065095218
14.26,0.106817,0.208321,-0.05499999999999994,0.11499999999999999,0.18679815451443835,0.01954050909825883
14.42,0.10736,0.232314,-0.04499999999999993,0.135,0.18078601770048472,0.020164443415118263
14.58,0.107904,0.256308,-0.04499999999999993,0.15500000000000003,0.1834201299748748,0.020686654161147698
14.74,0.108448,0.280302,-0.04499999999999993,0.18500000000000005,0.18063432649416325,0.021595591933411703
14.9,0.108991,0.304296,-0.04499999999999993,0.20500000000000007,0.18322915624157626,0.022428372580912768
15.06,0.109035,0.308387,-0.05499999999999994,0.20500000000000007,0.19389779006992308,0.023134144421893297
15.22,0.106754,0.322518,-0.05499999999999994,0.21500000000000008,0.19422789923180442,0.024030582074499974
15.38,0.102955,0.346223,-0.05499999999999994,0.2350000000000001,0.19318472443234214,0.024848206163939495
15.54,0.099157,0.369921,-0.05499999999999994,0.2550000000000001,0.19227900792858266,0.025616276505945598
15.7,0.098566,0.373768,-0.05499999999999994,0.2550000000000001,0.19413488656086506,0.026111567581633893
15.86,0.098558,0.373736,-0.06499999999999995,0.2550000000000001,0.20211248615560584,0.026550335387343665
16.02,0.092938,0.384003,-0.07499999999999996,0.2650000000000001,0.20582732047276903,0.026487584717813168
16.18,0.081417,0.405068,-0.08499999999999996,0.28500000000000014,0.2052095088269546,0.025804918343521305
16.34,0.069899,0.426125,-0.10499999999999998,0.30499999999999994,0.21274615349284226,0.02515155025220231
16.5,0.06535,0.434429,-0.10499999999999998,0.30499999999999994,0.21394155403053428,0.025156168729089223
16.66,0.061618,0.438846,-0.10499999999999998,0.30499999999999994,0.2137201666666017,0.023031364560176314
16.82,0.046149,0.457213,-0.135,0.31499999999999995,0.23030305592848743,0.014637176891316772
16.98,0.030687,0.475571,-0.15500000000000003,0.33499999999999996,0.2328945426797288,0.004245406124629756
17.14,0.030451,0.475835,-0.385,0.06499999999999995,0.5842815508177543,0.004419399125256186
17.3,0.025915,0.479301,-0.395,0.025000000000000133,0.6193212702838486,0.0044809454918560586
17.46,0.00848,0.491552,-0.405,0.015000000000000124,0.6309259220415657,0.004789337449798727
17.62,0.008491,0.491532,-0.405,-0.014999999999999902,0.6538726742302358,0.004890527297667839
17.78,0.006247,0.492464,-0.385,-0.03499999999999992,0.6567286245512677,0.004805622580024458
17.94,-0.016468,0.500268,-0.395,-0.03499999999999992,0.6555900448054409,0.0046198887822702425
18.1,-0.039169,0.508065,-0.41500000000000004,-0.06499999999999995,0.6853119251742231,0.0045931896072846905
18.26,-0.045448,0.510035,-0.405,-0.08499999999999996,0.695229668475821,0.0038723771943758594
18.42,-0.056653,0.511686,-0.22499999999999987,-0.44500000000000006,0.9713849983425727,0.0014185818366697568
18.58,-0.072389,0.513845,-0.17500000000000004,-0.4750000000000001,0.9941546415653856,0.0025004729053150275
18.74,-0.074529,0.513761,-0.135,-0.4750000000000001,0.9906084276655435,0.003158748502288744
18.9,-0.098525,0.512749,-0.11499999999999999,-0.4849999999999999,0.9978850097210599,0.0037295405693575936
19.06,-0.122507,0.511745,-0.11499999999999999,-0.4949999999999999,1.0067729883513958,0.004433837511108935
19.22,-0.146486,0.510743,-0.11499999999999999,-0.4949999999999999,1.0062357329398512,0.005167501939152297
19.38,-0.168359,0.509836,-0.135,-0.4949999999999999,1.005389581096303,0.005781057613878487
19.54,-0.179723,0.508309,-0.135,-0.505,1.0142954580446468,0.006062014423582095
19.7,-0.203514,0.505101,-0.135,-0.505,1.0124219468171363,0.006406986845234509
19.86,-0.2273,0.501897,-0.14500000000000002,-0.505,1.010254848347188,0.0067498998628508534
20.02,-0.240123,0.500194,-0.135,-0.515,1.020622213536919,0.006825173216127851
20.18,-0.248233,0.497679,-0.135,-0.515,1.0189899260198796,0.007124058484555812
20.34,-0.271189,0.490642,-0.14500000000000002,-0.525,1.023451188814103,0.007474252265366673
20.5,-0.294137,0.48361,-0.15500000000000003,-0.535,1.0280687899498748,0.0075797341522663994
20.66,-0.317084,0.476577,-0.11499999999999999,-0.5449999999999999,1.041372896701753,0.008534934277590916
20.82,-0.340031,0.469545,-0.135,-0.5549999999999999,1.0448589225278213,0.009713853661121912
20.98,-0.362977,0.462513,-0.15500000000000003,-0.565,1.0483498450889377,0.010561870346862
21.14,-0.385924,0.455481,-0.17500000000000004,-0.565,1.0420510568762933,0.011333140234494178
21.3,-0.408871,0.448448,-0.19500000000000006,-0.575,1.0455556481340436,0.011952310065058046
21.46,-0.426791,0.443026,-0.21500000000000008,-0.585,1.049615588850032,0.012387047534362159
21.62,-0.434653,0.439468,-0.22499999999999987,-0.585,1.0457002741861552,0.011919517471572187
21.78,-0.456528,0.429572,-0.21500000000000008,-0.585,1.0429247901780838,0.011449644270684407
21.94,-0.459747,0.428106,-0.21500000000000008,-0.585,1.0422499034516626,0.010580738841576858
22.1,-0.459724,0.428101,-0.21500000000000008,-0.585,1.0422396424896723,0.004796222152514436
22.26,-0.459707,0.428094,0.05499999999999994,-0.565,1.1185521841581643,0.001908242793787969
22.42,-0.469087,0.416669,0.4950000000000001,-0.4949999999999999,1.326877578802958,0.0024964138768130755
22.58,-0.484161,0.397983,0.4750000000000001,-0.4949999999999999,1.3104993178975715,0.0036955155486900837
22.74,-0.499228,0.379301,0.45500000000000007,-0.505,1.300976300547016,0.004470489409236927
22.9,-0.512612,0.362675,0.44500000000000006,-0.525,1.3057517559509542,0.004974549621159884
23.06,-0.512597,0.362675,0.4750000000000001,-0.4949999999999999,1.308034494970985,0.005011098565136745
23.22,-0.516316,0.355027,0.4750000000000001,-0.4949999999999999,1.3058534805195412,0.005180109417210929
23.38,-0.526267,0.333174,0.4850000000000001,-0.4849999999999999,1.3007957716586414,0.005179627332719846
23.54,-0.534974,0.313588,0.4950000000000001,-0.4949999999999999,1.309450646042072,0.00536249884045675
23.7,-0.534953,0.313533,0.4950000000000001,-0.515,1.3218434530223313,0.005276963668613497
23.86,-0.535769,0.308266,0.5049999999999999,-0.535,1.3395139633900799,0.004614959563767228
24.02,-0.539334,0.284517,0.5150000000000001,-0.5549999999999999,1.3477421774378808,0.0023209768917153437
24.18,-0.542901,0.260781,0.6350000000000002,0.0050000000000001155,1.2053525151431845,0.0021819810707211155
24.34,-0.545595,0.242103,0.6350000000000002,0.03500000000000014,1.1986226289512478,0.0027531097574273215
24.5,-0.545783,0.233963,0.6350000000000002,0.07499999999999996,1.191435154953051,0.0031768292041233675
24.66,-0.546191,0.209956,0.625,0.08499999999999996,1.177838002620479,0.0037381461735278253
24.82,-0.546602,0.185958,0.625,0.09499999999999997,1.1751274842194783,0.00430602402728104
24.98,-0.547014,0.161962,0.625,0.08499999999999996,1.174538192499503,0.004898056852813819
25.14,-0.547425,0.137965,0.625,0.07499999999999996,1.1741145480105424,0.005437743692038122
25.3,-0.547837,0.113969,0.6150000000000002,0.07499999999999996,1.1634897814463179,0.006078675939648626
25.46,-0.548248,0.089972,0.6150000000000002,0.05499999999999994,1.1637735820545165,0.006745883415434349
25.62,-0.54866,0.065976,0.6150000000000002,0.03500000000000014,1.164072209176046,0.007374550818837038
25.78,-0.549071,0.041979,0.6150000000000002,0.015000000000000124,1.1643835963641882,0.007973728476693677
25.94,-0.549483,0.017983,0.6150000000000002,-0.004999999999999893,1.1647097816958525,0.008550404841898396
26.1,-0.549894,-0.006014,0.6150000000000002,-0.02499999999999991,1.1650487111842152,0.009120361015172692
26.26,-0.550306,-0.03001,0.6150000000000002,-0.04499999999999993,1.1654024084993133,0.00969542581765448
26.42,-0.550717,-0.054007,0.6150000000000002,-0.06499999999999995,1.165768832203881,0.010291797705648689
26.58,-0.551129,-0.078003,0.6150000000000002,-0.08499999999999996,1.1661499914890883,0.010901379878903297
26.74,-0.551108,-0.079106,0.6150000000000002,-0.07499999999999996,1.166115228826037,0.011403192316998064
26.9,-0.54826,-0.096196,0.6150000000000002,-0.08499999999999996,1.1633138776856402,0.011585006852136108
27.06,-0.544741,-0.117644,0.6150000000000002,-0.06499999999999995,1.160935216890676,0.012295928998837337
27.22,-0.544706,-0.117789,0.6150000000000002,-0.06499999999999995,1.160906837328905,0.014714830431510142
27.38,-0.544698,-0.117761,0.605,-0.10499999999999998,1.1497688177738166,0.014248016919647008
27.54,-0.54469,-0.117741,0.605,-0.10499999999999998,1.14976059646389,0.013763656373545092
27.7,-0.544682,-0.117724,0.30499999999999994,0.4950000000000001,1.0475639366167584,0.0012953655874120937
27.86,-0.533946,-0.127929,0.27500000000000013,0.5049999999999999,1.027128399936931,0.0019855253732042944
28.02,-0.516546,-0.144471,0.2550000000000001,0.4950000000000001,1.002100987903415,0.0026488748559826965
28.18,-0.501076,-0.159176,0.2450000000000001,0.4950000000000001,0.9922578479165586,0.0033182233646347
28.34,-0.501068,-0.159167,0.2350000000000001,0.5049999999999999,0.9914201453031908,0.0038779318371572275
28.5,-0.496269,-0.161979,0.20500000000000007,0.5049999999999999,0.9678012176072109,0.004183052801406197
28.66,-0.47731,-0.171884,0.20500000000000007,0.4950000000000001,0.9540865817922398,0.004395070847962247
28.82,-0.477306,-0.171875,0.2250000000000001,0.4950000000000001,0.9684812766703341,0.004325218805988432
28.98,-0.477306,-0.171859,0.15500000000000003,0.4850000000000001,0.9117426300864736,0.00485548779158556
29.14,-0.457211,-0.175115,0.18500000000000005,0.4750000000000001,0.9138295693103831,0.0029299855098908626
29.3,-0.433509,-0.178917,-0.31499999999999995,0.32499999999999996,0.5176646848781554,0.0016134437045934682
29.46,-0.426727,-0.179904,-0.32499999999999996,0.29499999999999993,0.4856770446963702,0.0027271614714258832
29.62,-0.418575,-0.179539,-0.33499999999999996,0.2650000000000001,0.45232698697513074,0.003469915813359726
29.78,-0.394588,-0.178457,-0.32499999999999996,0.2450000000000001,0.4291367155033464,0.004397596381479102
29.94,-0.37061,-0.177379,-0.31499999999999995,0.2250000000000001,0.40620355948834336,0.005415731123545653
30.1,-0.346634,-0.176301,-0.29499999999999993,0.21500000000000008,0.3946929725204138,0.0065601922068779265
30.26,-0.322659,-0.175223,-0.2849999999999999,0.20500000000000007,0.38208340713776107,0.007801682839841025
30.42,-0.298683,-0.174145,-0.2649999999999999,0.19500000000000006,0.37067853392663574,0.009198788068313164
30.58,-0.274707,-0.173067,-0.24499999999999988,0.19500000000000006,0.36926389254569697,0.010609140991695689
30.74,-0.250731,-0.171988,-0.22499999999999987,0.18500000000000005,0.35791411889586033,0.011985490858147067
30.9,-0.226755,-0.17091,-0.20500000000000007,0.18500000000000005,0.3565742673343101,0.013495432024084375
31.06,-0.20278,-0.169832,-0.18500000000000005,0.18500000000000005,0.35527718280801546,0.014895769037241867
31.22,-0.178804,-0.168754,-0.16500000000000004,0.18500000000000005,0.3540232237184448,0.016216456353815478
31.38,-0.154828,-0.167676,-0.14500000000000002,0.18500000000000005,0.35281291155511874,0.017546380218829226
31.54,-0.130852,-0.166598,-0.125,0.18500000000000005,0.3516466969957205,0.018834552199807786
31.7,-0.106877,-0.16552,-0.10499999999999998,0.18500000000000005,0.35052502553883375,0.0200835011250548
31.86,-0.090824,-0.164804,-0.08499999999999996,0.18500000000000005,0.3498524794709908,0.021222531981844855
32.02,-0.088516,-0.164246,-0.07499999999999996,0.15500000000000003,0.319531987087365,0.023088802124212188
32.18,-0.065112,-0.15886,-0.05499999999999994,0.16500000000000004,0.3240178268922869,0.0257469685948111
32.34,-0.041719,-0.153482,-0.03499999999999992,0.17500000000000004,0.32855071037056066,0.028715982243027887
32.5,-0.03215,-0.151328,-0.04499999999999993,0.17500000000000004,0.3265809028158261,0.03096166620190476
32.66,-0.03218,-0.151322,-0.03499999999999992,0.16500000000000004,0.31633456985286956,0.0340783355707616
32.82,-0.013803,-0.141795,-0.014999999999999902,0.17500000000000004,0.31679726140546105,0.03706980250215255
32.98,0.007506,-0.130744,0.0050000000000001155,0.18500000000000005,0.3157539446657793,0.03967148668017176
33.14,0.028811,-0.119693,0.015000000000000124,0.18500000000000005,0.30500584907506284,0.04189785969898996
33.3,0.050116,-0.108643,0.03500000000000014,0.19500000000000006,0.3040190206302889,0.045323707157915574
33.46,0.071421,-0.097593,0.05499999999999994,0.20500000000000007,0.30303823667979596,0.04749956893013652
33.62,0.092726,-0.086543,0.07499999999999996,0.21500000000000008,0.30206355610202307,0.048962664025135105
33.78,0.106469,-0.079618,0.08499999999999996,0.21500000000000008,0.2953991941170457,0.05174936089779715
33.94,0.11715,-0.075509,0.09499999999999997,0.21500000000000008,0.2913521950852611,0.05383085770083414
34.1,0.139685,-0.067232,0.11499999999999999,0.2250000000000001,0.29327272469324533,0.05509596194302975
34.26,0.159896,-0.05994,0.135,0.2350000000000001,0.29598887549365777,0.0574858486774021
34.42,0.159973,-0.059974,0.135,0.2350000000000001,0.2960292407938784,0.05546624225200951
34.58,0.177116,-0.057404,0.15500000000000003,0.20500000000000007,0.2633343438900442,0.061653754096425026
34.74,0.180964,-0.056937,0.15500000000000003,0.20500000000000007,0.26322067028445933,0.06621445826839367
34.9,0.20109,-0.056978,0.17500000000000004,0.20500000000000007,0.2632739268974427,0.07840888916501279
35.06,0.225094,-0.057052,0.17500000000000004,0.20500000000000007,0.26679703810199995,0.06376990190164264
35.22,0.244222,-0.057113,0.21500000000000008,0.17500000000000004,0.233945228745961,0.06285586662618384
35.38,0.255411,-0.058388,0.2250000000000001,0.17500000000000004,0.23536097268876166,0.06051611952601882
35.54,0.279266,-0.061092,0.2450000000000001,0.17500000000000004,0.23856569581563905,0.059409561286655865
35.7,0.295138,-0.062869,0.2650000000000001,0.17500000000000004,0.23977064083202518,0.06101901657835396
35.86,0.30918,-0.066071,0.27500000000000013,0.17500000000000004,0.24348203104336058,0.061814601131010866
36.02,0.332592,-0.071377,0.31499999999999995,0.16500000000000004,0.23703072499783656,0.058665962919972364
36.18,0.356,-0.07668,0.31499999999999995,0.14500000000000002,0.22543962029776402,0.048740517466332275
36.34,0.359724,-0.077482,0.31499999999999995,0.14500000000000002,0.22693275766182372,0.03052523677590555
36.5,0.37894,-0.084892,0.33499999999999996,0.135,0.22423919207845894,0.01745946235662478
36.66,0.401335,-0.093534,0.355,0.11499999999999999,0.21361966524877807,0.009955485184896497
36.82,0.418704,-0.100239,0.41500000000000004,-0.02499999999999991,0.0753301183923138,0.009020950367877046
36.98,0.421025,-0.101611,0.41500000000000004,-0.03499999999999992,0.06688292716381372,0.008702656082873789
37.14,0.441725,-0.113787,0.43500000000000005,-0.06499999999999995,0.049248319707376864,0.008560586685577173
37.3,0.45505,-0.121627,0.44500000000000006,-0.08499999999999996,0.03798077973133255,0.008401692147353432
37.46,0.455026,-0.121627,0.44500000000000006,-0.09499999999999997,0.0284520263777468,0.007308507735041081
37.62,0.455007,-0.121632,0.43500000000000005,-0.10499999999999998,0.02601736867940335,0.0041001019899294154
37.78,0.466046,-0.13556,0.28500000000000014,-0.41500000000000004,0.33296301253442545,0.002449570243189377
37.94,0.480795,-0.1545,0.2350000000000001,-0.45500000000000007,0.38822085470128986,0.0033549120316228418
38.1,0.495541,-0.173438,0.21500000000000008,-0.4849999999999999,0.4192542576110586,0.003999588980213363
38.26,0.510285,-0.192375,0.19500000000000006,-0.505,0.44400340297119345,0.0046396750022567185
38.42,0.515965,-0.199763,0.19500000000000006,-0.515,0.44988098136507165,0.00525294926738271
38.58,0.523391,-0.212332,0.18500000000000005,-0.535,0.46757149945756965,0.005793686897531329
38.74,0.527878,-0.220524,0.16500000000000004,-0.5449999999999999,0.48679063000431705,0.005720150302092126
38.9,0.52786,-0.220521,0.2450000000000001,-0.535,0.42297378292395377,0.006715458866943099
39.06,0.530228,-0.231679,0.125,-0.5449999999999999,0.5122302031557686,0.00660878763701019
39.22,0.535151,-0.255179,0.125,-0.5549999999999999,0.5080516458412472,0.007669640362348916
39.38,0.540074,-0.27867,0.14500000000000002,-0.565,0.4879224675868083,0.004880905278108458
39.54,0.544995,-0.30216,-0.355,-0.4650000000000001,0.9146080393398037,0.0016025557577880889
39.7,0.549916,-0.32565,-0.365,-0.4849999999999999,0.928689242726543,0.002636907892011565
39.86,0.554837,-0.34914,-0.365,-0.505,0.9329482548185617,0.003435621318170392
40.02,0.555443,-0.355165,-0.375,-0.4949999999999999,0.9408921316888562,0.003992074161676893
40.18,0.557662,-0.379074,-0.395,-0.4949999999999999,0.959689389187981,0.004557513483268274
40.34,0.557863,-0.383008,-0.41500000000000004,-0.4750000000000001,0.9772026119659116,0.005060756212830034
40.5,0.557852,-0.382986,-0.43500000000000005,-0.44500000000000006,0.9947868264608253,0.005464649718001901
40.66,0.557843,-0.38295,-0.45500000000000007,-0.41500000000000004,1.0133499618340154,0.005887482786620317
40.82,0.557833,-0.382926,-0.45500000000000007,-0.42500000000000004,1.013706519346206,0.007054651509422752
40.98,0.549339,-0.398467,-0.4650000000000001,-0.4650000000000001,1.0165186899462302,0.006320397706534576
41.14,0.544784,-0.40679,-0.4650000000000001,-0.45500000000000007,1.0109341871536448,0.005689965856493282
41.3,0.544782,-0.406767,-0.4650000000000001,-0.42500000000000004,1.0099465975055315,0.007333157583819507
41.46,0.544776,-0.40675,-0.45500000000000007,-0.42500000000000004,0.9999425546880182,0.007174354539408033
41.62,0.526511,-0.422002,-0.4650000000000001,-0.44500000000000006,0.9917776823083891,0.004503119571420202
41.78,0.50803,-0.43732,-0.395,0.4750000000000001,1.2836631035049657,0.003126971935783644
41.94,0.489551,-0.452635,-0.395,0.4650000000000001,1.2745526528260809,0.004004278502945428
42.1,0.471072,-0.46795,-0.405,0.45500000000000007,1.2725324560434599,0.00461617938811337
42.26,0.452593,-0.483264,-0.41500000000000004,0.44500000000000006,1.2705871348888278,0.005175655844245192
42.42,0.434114,-0.498579,-0.42500000000000004,0.43500000000000005,1.2687184929041588,0.005713707104800815
42.58,0.415636,-0.513893,-0.43500000000000005,0.42500000000000004,1.2669260712231794,0.006161646936868405
42.74,0.399191,-0.527519,-0.44500000000000006,0.41500000000000004,1.265306488500711,0.006702156464581458
42.9,0.392065,-0.532484,-0.44500000000000006,0.43500000000000005,1.279336978470098,0.007305379192682609
43.06,0.372039,-0.545727,-0.45500000000000007,0.42500000000000004,1.2752664098336473,0.008010877679397285
43.22,0.352019,-0.558966,-0.4650000000000001,0.41500000000000004,1.2712709449668864,0.008654420467059044
43.38,0.331999,-0.572203,-0.4849999999999999,0.405,1.2737397965086903,0.009367659690848297
43.54,0.31198,-0.58544,-0.505,0.395,1.2762127228640217,0.009872929368919564
43.7,0.306651,-0.588787,-0.505,0.395,1.2753878653844877,0.009963317911563982
43.86,0.285832,-0.599818,-0.515,0.385,1.2693298961845971,0.009832405938070625
44.02,0.272074,-0.606731,-0.515,0.385,1.266102625317948,0.00973691528822925
44.18,0.272081,-0.606713,-0.505,0.405,1.275702972846736,0.008755056151802413
44.34,0.266811,-0.607614,-0.575,0.405,1.316826819561707,0.0061060203912917665
44.5,0.243119,-0.611543,0.015000000000000124,0.5950000000000002,1.2279186817578762,0.0013871777085225174
44.66,0.224496,-0.614538,0.03500000000000014,0.605,1.2341724626080424,0.0019077802729191436
44.82,0.213312,-0.615202,0.17500000000000004,0.5950000000000002,1.210808279682626,0.0028460559569862976
44.98,0.189335,-0.616419,0.15500000000000003,0.5950000000000002,1.2119054772489481,0.003926778568669239
45.14,0.167496,-0.617452,0.135,0.605,1.2228838384409209,0.004803443684386001
45.3,0.159162,-0.616947,0.14500000000000002,0.605,1.222029063915012,0.005007493443706813
45.46,0.135197,-0.615485,0.15500000000000003,0.5950000000000002,1.2106469733303762,0.0053624147744883634
45.62,0.11124,-0.614028,0.14500000000000002,0.5950000000000002,1.209499252742225,0.005858233979737267
45.78,0.101246,-0.613536,0.135,0.5950000000000002,1.2090072769888527,0.00639196165689796
45.94,0.081097,-0.614568,0.11499999999999999,0.5950000000000002,1.2100430405704585,0.006973288322988426
46.1,0.057125,-0.615798,0.09499999999999997,0.605,1.2213853906236964,0.007563613590824057
46.26,0.033156,-0.617027,0.07499999999999996,0.605,1.222743190152781,0.008174127488792236
46.42,0.009187,-0.618256,0.05499999999999994,0.605,1.2241135864391834,0.008786712750091553
46.58,-0.014781,-0.619486,0.03500000000000014,0.605,1.225497495777531,0.009402427189824617
46.74,-0.03875,-0.620715,0.015000000000000124,0.605,1.2268929552837935,0.010044247064677835
46.9,-0.062718,-0.621944,-0.004999999999999893,0.605,1.2283008371974677,0.010710162856398581
47.06,-0.086687,-0.623173,-0.02499999999999991,0.605,1.229721189497034,0.011348017377546182
47.22,-0.110655,-0.624402,-0.04499999999999993,0.605,1.2311538720359043,0.012012473245879134
47.38,-0.134624,-0.625631,-0.06499999999999995,0.605,1.2325989451305726,0.012627577334001173
47.54,-0.158592,-0.626861,-0.08499999999999996,0.605,1.2340572538521053,0.013261310108946616
47.7,-0.182561,-0.62809,-0.11499999999999999,0.605,1.2349394466211694,0.013967172738488385
47.86,-0.206529,-0.629319,-0.135,0.605,1.2363898218612122,0.014682176226144044
48.02,-0.2157,-0.629501,-0.135,0.605,1.2371358894644515,0.015232681831306298
48.18,-0.236236,-0.628592,-0.15500000000000003,0.605,1.2362639322410083,0.01594451860226453
48.34,-0.260216,-0.627565,-0.17500000000000004,0.605,1.2355072828118012,0.01658733697659623
48.5,-0.284194,-0.626539,-0.19500000000000006,0.605,1.2347647055844282,0.017178100578066204
48.66,-0.308173,-0.625513,-0.21500000000000008,0.605,1.234035433485603,0.01773995352033507
48.82,-0.332151,-0.624487,-0.23499999999999988,0.605,1.233319342250822,0.01822915563864637
48.98,-0.356129,-0.623461,-0.2549999999999999,0.605,1.2326165272143645,0.01870833971562764
49.14,-0.360181,-0.623288,-0.24499999999999988,0.605,1.2336766487637676,0.019210537695281076
49.3,-0.383184,-0.619315,-0.2649999999999999,0.605,1.2300059662786191,0.01931453533710198
49.46,-0.40684,-0.615243,-0.2749999999999999,0.605,1.227344598981476,0.019612764357522988
49.62,-0.430492,-0.611172,-0.29499999999999993,0.6150000000000002,1.2336352198474234,0.02024825232396793
49.78,-0.436706,-0.609841,-0.29499999999999993,0.6150000000000002,1.23301097550549,0.020790469122124976
49.94,-0.459779,-0.603185,-0.31499999999999995,0.625,1.236688866718707,0.02140145350904321
50.1,-0.482842,-0.596537,-0.32499999999999996,0.6350000000000002,1.2416108405345858,0.021580361215774394
50.26,-0.505904,-0.58989,-0.33499999999999996,0.645,1.2466601338440242,0.022383303275393934
50.42,-0.515277,-0.587249,-0.345,0.645,1.243958140264374,0.023208243653305503
50.58,-0.515247,-0.587244,-0.355,0.645,1.242619964649289,0.0283243298158808
50.74,-0.515226,-0.587236,-0.355,0.645,1.2426093234689652,0.025160891618299618
50.9,-0.515209,-0.587229,-0.355,0.6350000000000002,1.2326843278479696,0.02362786588580361
51.06,-0.515193,-0.587223,-0.355,0.6350000000000002,1.232676299349509,0.01793656026829429
51.22,-0.515178,-0.587218,-0.355,0.6350000000000002,1.2326693925006822,0.010418303595227437
51.38,-0.515163,-0.587214,-0.355,0.625,1.222748939220558,0.0030332989279925463
51.54,-0.523095,-0.565139,0.685,0.4650000000000001,1.5876649168971395,0.00432349489824295
51.7,-0.531051,-0.542492,0.6750000000000003,0.4850000000000001,1.5843922571967464,0.004865572634046507
51.86,-0.539005,-0.519848,0.6750000000000003,0.5049999999999999,1.5887484266330527,0.00416570416883589
52.02,-0.541023,-0.513606,0.6949999999999998,-0.23499999999999988,1.267033606407107,0.003263549220194666
52.18,-0.544299,-0.496535,0.6949999999999998,-0.21500000000000008,1.2708752761880293,0.005538444333104445
52.34,-0.547708,-0.478017,0.6949999999999998,-0.19500000000000006,1.274528067777638,0.0065865209951232176
52.5,-0.547802,-0.475881,0.6949999999999998,-0.19500000000000006,1.2741471450994188,0.005944661201733823
52.66,-0.548256,-0.451869,0.6949999999999998,-0.22499999999999987,1.2637859884873701,0.005021565693622462
52.82,-0.548719,-0.427871,0.685,-0.31499999999999995,1.2388714354613235,0.005455819511920349
52.98,-0.549181,-0.403875,0.6750000000000003,-0.395,1.2242131703204309,0.006161772278693
53.14,-0.549644,-0.379879,0.665,-0.375,1.2146537989801869,0.008399198301016608
53.3,-0.550106,-0.355884,0.665,-0.355,1.215106321558735,0.010541077892427411
53.46,-0.550568,-0.331888,0.665,-0.33499999999999996,1.2155719835402592,0.012421706955651805
53.62,-0.549949,-0.322605,0.6550000000000002,-0.32499999999999996,1.2049513801917489,0.014868845163601523
53.78,-0.548181,-0.298662,0.6550000000000002,-0.30499999999999994,1.2031976932345743,0.016601479298619864
53.94,-0.546591,-0.276869,0.645,-0.2849999999999999,1.1916187412264043,0.018062964519741584
54.1,-0.54657,-0.276722,0.645,-0.2849999999999999,1.1915987538529906,0.018355324793302576
54.26,-0.541401,-0.25693,0.645,-0.2649999999999999,1.1864284460939902,0.017705007491395357
54.42,-0.535358,-0.233699,0.6550000000000002,-0.24499999999999988,1.1904116434095395,0.016383933194028824
54.58,-0.529967,-0.212743,0.6550000000000002,-0.2649999999999999,1.1861187061748923,0.01700683180297337
54.74,-0.529925,-0.21263,0.645,-0.2649999999999999,1.1760915663863083,0.01750782049987401
54.9,-0.521213,-0.193898,0.645,-0.24499999999999988,1.1673320760490564,0.014515099153371437
55.06,-0.517183,-0.185248,0.6350000000000002,-0.23499999999999988,1.1532566613694457,0.00754114612872271
55.22,-0.517179,-0.185272,0.6350000000000002,-0.23499999999999988,1.1532516299684994,0.0014840782404728758
55.38,-0.517173,-0.18529,0.135,-0.535,0.7400180443941891,0.001585683549255941
55.54,-0.501784,-0.17128,0.0050000000000001155,-0.525,0.6180193047599728,0.001925275549331697
55.7,-0.484031,-0.155122,-0.014999999999999902,-0.515,0.5911871563599805,0.0026771666253748937
55.86,-0.466281,-0.138968,-0.03499999999999992,-0.4949999999999999,0.5592513620770181,0.003425493233309851
56.02,-0.44853,-0.122815,-0.02499999999999991,-0.4750000000000001,0.5508284080591705,0.00431324552969376
56.18,-0.448263,-0.122587,-0.03499999999999992,-0.4750000000000001,0.5431217448583698,0.005026839118342681
56.34,-0.448261,-0.122606,-0.05499999999999994,-0.4650000000000001,0.5214286771524943,0.005037471678237855
56.5,-0.448258,-0.122622,-0.07499999999999996,-0.44500000000000006,0.4932029090019645,0.004802304004073753
56.66,-0.428682,-0.116768,-0.09499999999999997,-0.42500000000000004,0.45425834383971425,0.004819101857203864
56.82,-0.405647,-0.11001,-0.07499999999999996,-0.405,0.44311007516078893,0.004873969967980518
56.98,-0.390611,-0.105742,-0.06499999999999995,-0.395,0.4355372703741897,0.003842488250757553
57.14,-0.390622,-0.105758,-0.345,-0.08499999999999996,0.050122464504451555,0.0019318602362762556
57.3,-0.376454,-0.105328,-0.345,-0.05499999999999994,0.05934864530888644,0.002967445862271616
57.46,-0.352455,-0.104702,-0.31499999999999995,-0.02499999999999991,0.08806410068240077,0.003747367928896061
57.62,-0.328462,-0.104076,-0.29499999999999993,-0.014999999999999902,0.09515376618925822,0.0045145840092756665
57.78,-0.324954,-0.103997,-0.29499999999999993,0.015000000000000124,0.12270911997484146,0.005284062601605643
57.94,-0.324954,-0.103997,-0.29499999999999993,0.025000000000000133,0.13242910603413452,0.006233023468823033
58.1,-0.324954,-0.103997,-0.29499999999999993,0.025000000000000133,0.13242910603413452,0.007260352488172791
58.26,-0.324954,-0.103997,-0.29499999999999993,0.025000000000000133,0.13242910603413452,0.008221084918623896
58.42,-0.324954,-0.103997,-0.29499999999999993,0.03500000000000014,0.14218793241692507,0.009279048967933511
58.58,-0.324954,-0.103997,-0.29499999999999993,0.03500000000000014,0.14218793241692507,0.010326783453075835
58.74,-0.324954,-0.103997,-0.29499999999999993,0.04499999999999993,0.15197811725705773,0.011413969717396643
58.9,-0.324954,-0.103997,-0.29499999999999993,0.04499999999999993,0.15197811725705773,0.01258947577040502
59.06,-0.324954,-0.103997,-0.29499999999999993,0.04499999999999993,0.15197811725705773,0.013770079171200765
59.22,-0.324954,-0.103997,-0.29499999999999993,0.04499999999999993,0.15197811725705773,0.014927454485843329
59.38,-0.324954,-0.103997,-0.29499999999999993,0.04499999999999993,0.15197811725705773,0.016078323304926572
59.54,-0.324954,-0.103997,-0.29499999999999993,0.05499999999999994,0.1617939681354036,0.01722797358300301
59.7,-0.324954,-0.103997,-0.29499999999999993,0.05499999999999994,0.1617939681354036,0.018519981948236633
