timestamp,x_est,y_est,theta_est,x_gt,y_gt,theta_gt,error,n_particles,neff,update_time_ms
0.12,-0.4688517491754746,-0.22743690612671766,0.4463050503217425,-0.4588,-0.55,0.0,0.32271967276661434,1000,86.0709215305926,696.0430145263672
0.22,-0.473231208573559,-0.18292983435938517,0.49790211934085865,-0.4588,-0.55,0.0,0.3673537345452228,1000,825.876824271553,1373.7585544586182
0.32,-0.47487156331432434,-0.18115489218072606,0.49645798203133074,-0.4588,-0.55,0.0,0.3691950821849855,1000,820.8952483865908,1396.6574668884277
0.42,-0.4744552931889837,-0.18268356536389035,0.4976427213861647,-0.4588,-0.55,0.0,0.3676499032484797,1000,824.4562406609674,1375.1206398010254
0.52,-0.47436205299492856,-0.18272688520128225,0.49741973534466377,-0.4588,-0.55,0.0,0.367602663683724,1000,824.7430148207017,1404.4959545135498
0.62,-0.47373725714339754,-0.18418365641465903,0.4998290647923917,-0.4588,-0.55,0.0,0.3661211806016093,1000,827.0268899893398,1375.2999305725098
0.72,-0.4755803955696785,-0.18318048529505757,0.49802402191549255,-0.4588,-0.55,0.0,0.3672031291313357,1000,825.0968748816553,1447.1690654754639
0.82,-0.47382812730964896,-0.18321733920522706,0.4963851112158989,-0.4588,-0.55,0.0,0.3670904042196261,1000,827.786861758863,1384.211778640747
0.92,-0.4754990141854155,-0.183582666477678,0.49785215602638333,-0.4588,-0.55,0.0,0.36679765454589985,1000,825.1821501745363,1395.0679302215576
1.02,-0.47512302973533116,-0.18309101708161896,0.49762354912341994,-0.4588,-0.55,0.0,0.3672718925345927,1000,825.2313035173377,1385.02836227417
1.12,-0.4752878218639398,-0.18303469342499695,0.497859408224612,-0.4588,-0.55,0.0,0.3673355203346159,1000,825.0110932623048,1391.7460441589355
1.22,-0.47464087104937597,-0.1828073920742737,0.49648027560420904,-0.4588,-0.55,0.0,0.3675341406058751,1000,825.7186598401112,1377.274751663208
1.32,-0.4745557495427639,-0.1829451190798291,0.4969645395594167,-0.4588,-0.55,0.0,0.3673928813286604,1000,826.6848785079688,1409.5885753631592
1.42,-0.4744592261357085,-0.18275637666454514,0.4967843832413624,-0.4588,-0.55,0.0,0.3675773255299118,1000,825.496157119468,1400.8970260620117
1.52,-0.47440442080058903,-0.18413101840082716,0.49724853320105106,-0.4588,-0.55,0.0,0.3662015969994366,1000,827.9818292728013,1439.6271705627441
1.62,-0.47261658120193645,-0.18351504956309675,0.4973033488433967,-0.4588,-0.55,0.0,0.3667453023732536,1000,829.4138234329662,1438.9638900756836
1.72,-0.47298264366278864,-0.18321334953976615,0.4965828439331632,-0.4588,-0.55,0.0,0.36706075019961404,1000,828.9579329968263,1393.3250904083252
1.82,-0.47508859372550233,-0.18381459861197935,0.4994210757072861,-0.4588,-0.55,0.0,0.3665474955244686,1000,825.2082000131121,1416.128158569336
1.92,-0.4757108966032415,-0.18256501562403715,0.4991136780313704,-0.4588,-0.55,0.0,0.3678239336520798,1000,821.0497098262636,1407.63258934021
2.02,-0.47425774532021153,-0.18281345980075858,0.49508309766231745,-0.4588,-0.55,0.0,0.3675117647013136,1000,826.9400186959704,1382.293462753296
2.12,-0.4742439377286949,-0.18390803649164875,0.49740505989856654,-0.4588,-0.55,0.0,0.3664175773048665,1000,827.9999144677689,1399.160385131836
2.22,-0.47243310475593236,-0.18260002208121542,0.4975871640878549,-0.4588,-0.55,0.0,0.36765283260164017,1000,826.2712102483499,1405.4696559906006
2.32,-0.47320611916325417,-0.1836271760246982,0.49675666360098714,-0.4588,-0.55,0.0,0.3666559455633897,1000,828.0372827379182,1406.170129776001
2.42,-0.4735526513796807,-0.18326745656106558,0.49800811934977496,-0.4588,-0.55,0.0,0.36702915298368377,1000,827.0872769502535,1394.205093383789
2.52,-0.47510495846749173,-0.183176689081286,0.49850435720660535,-0.4588,-0.55,0.0,0.3671855023063876,1000,825.620633099435,1359.8318099975586
2.62,-0.47523162277471165,-0.1832694199761813,0.49863370804850404,-0.4588,-0.55,0.0,0.3670985106910909,1000,823.9671184383608,1358.5937023162842
2.72,-0.473601663271338,-0.18341600074534292,0.497883792537748,-0.4588,-0.55,0.0,0.36688270297894465,1000,827.3026775976539,1399.1646766662598
2.82,-0.47375169356265406,-0.18311865769468974,0.4969257456602982,-0.4588,-0.55,0.0,0.3671858827244558,1000,827.539528457334,1359.6174716949463
2.92,-0.47233099758351565,-0.18366956656593525,0.4978188382196018,-0.4588,-0.55,0.0,0.36658024272401113,1000,830.9227865589199,1359.2615127563477
3.02,-0.47449118383021566,-0.18248923673199574,0.49674285872717117,-0.4588,-0.55,0.0,0.36784558495083874,1000,825.7906181671309,1404.4036865234375
3.12,-0.4742968425738178,-0.18375961561217946,0.49934191336633665,-0.4588,-0.55,0.0,0.3665680991116061,1000,825.9949064462621,1400.125503540039
3.22,-0.4751586843766047,-0.18382514524752225,0.4987454693430334,-0.4588,-0.55,0.0,0.36654008076543493,1000,826.1196374614968,1379.9412250518799
3.32,-0.475089778520235,-0.18267218749067501,0.4966053696676516,-0.4588,-0.55,0.0,0.3676888341072164,1000,825.3820090447649,1400.6876945495605
3.42,-0.46327032551590885,-0.17748789793949787,0.49992240626542683,-0.444378,-0.550001,-7.6e-05,0.3729918647506097,1000,825.3738281392447,1417.3285961151123
3.52,-0.4514257938232957,-0.1692719115141436,0.4979716172558063,-0.429377,-0.550002,-7.6e-05,0.38136799759223405,1000,824.199481698481,1427.4067878723145
3.62,-0.44080311352697654,-0.1641582228019376,0.5009362706216963,-0.414377,-0.550003,-7.6e-05,0.3867486671821418,1000,824.2755322901972,1372.291088104248
3.72,-0.4297719794465586,-0.15759418591102686,0.50050928012702,-0.399377,-0.550004,-7.6e-05,0.39358520928624746,1000,824.8414068138044,1386.39497756958
3.82,-0.4220303207183243,-0.15287084046045613,0.4999806225524529,-0.389867,-0.550005,-3e-06,0.39843446120134945,1000,823.7053513051436,1396.0368633270264
3.92,-0.4237400169975587,-0.15341693086702674,0.5014728600489586,-0.389868,-0.550005,-3e-06,0.39803192097381196,1000,822.0159590830536,1395.4966068267822
4.02,-0.42315271733472615,-0.153005912469934,0.4997615570184948,-0.389868,-0.550005,-3e-06,0.3983919526142033,1000,822.9609516873818,1387.3989582061768
4.12,-0.42388901731211204,-0.15360951123635444,0.5012153914191264,-0.389868,-0.550005,-3e-06,0.3978527530772163,1000,822.8649268154238,1348.8121032714844
4.22,-0.4200518484029701,-0.15119763697702987,0.501895963569028,-0.384446,-0.550005,-7.8e-05,0.40039366783433317,1000,821.1479095413447,1347.61381149292
4.32,-0.40874505263349686,-0.14455611583490907,0.501587520209729,-0.369445,-0.550007,-7.8e-05,0.4073510937842804,1000,821.6090118639647,1383.8322162628174
4.42,-0.3957469606342897,-0.13704623204452862,0.5000022839859013,-0.354445,-0.550008,-7.8e-05,0.41502201597643595,1000,820.6069247213134,1391.9336795806885
4.52,-0.38415796728068036,-0.1302124836637254,0.49923652329767587,-0.339445,-0.550009,-7.8e-05,0.4221710134188694,1000,822.617594820179,1390.801191329956
4.62,-0.37260942616942255,-0.12347002278550562,0.4992402533211844,-0.324445,-0.55001,-7.8e-05,0.429250700768643,1000,820.4263625928264,1357.2309017181396
4.72,-0.3627458506713137,-0.11646237918287711,0.5004263777827042,-0.309445,-0.550011,-7.8e-05,0.4368127599953041,1000,815.9125177976754,1350.6338596343994
4.82,-0.3516276291958891,-0.11122610568405757,0.5011720505166954,-0.294445,-0.550013,-7.8e-05,0.44249722225702676,1000,819.6104459026952,1364.3569946289062
4.92,-0.3396703887063408,-0.10362527462605992,0.4993658307726117,-0.279445,-0.550014,-7.8e-05,0.45043311555191046,1000,816.4905435692614,1356.8313121795654
5.02,-0.33014172543775805,-0.0982957024024983,0.5026742330613208,-0.264445,-0.550015,-7.8e-05,0.4564716678559848,1000,818.3761975204894,1348.3524322509766
5.12,-0.317773892765882,-0.09241966200967405,0.5020000526588188,-0.249445,-0.550016,-7.8e-05,0.4626696944135935,1000,821.4009734298982,1362.6737594604492
5.22,-0.3085273997009625,-0.08790044519762741,0.5046417451740285,-0.234445,-0.550017,-7.8e-05,0.4680169998705895,1000,821.7949940357581,1390.2430534362793
5.32,-0.29622800498100504,-0.08019153053449748,0.504686229003486,-0.219445,-0.550018,-7.8e-05,0.4760593883795716,1000,819.4042050886163,1349.6944904327393
5.42,-0.28624716180840587,-0.07411668162851417,0.503709195896813,-0.204445,-0.55002,-7.8e-05,0.4828825551969344,1000,817.8462155296478,1366.508960723877
5.52,-0.2734490132055264,-0.06745929531992412,0.5036811676818393,-0.189445,-0.550021,-7.8e-05,0.48981881656218046,1000,818.7405487829361,1386.1408233642578
5.62,-0.26152662804713833,-0.059490989077742994,0.5028976861190477,-0.174445,-0.550022,-7.8e-05,0.4982006449411237,1000,815.0922887299889,1388.6299133300781
5.72,-0.25075008681679456,-0.05358279297254096,0.5045298541909892,-0.159445,-0.550023,-7.8e-05,0.5047667758798006,1000,816.4579008697675,1402.2531509399414
5.82,-0.238915410495386,-0.048409672976058596,0.503906717795353,-0.144445,-0.550024,-7.8e-05,0.510432749277364,1000,820.1081191766691,1388.7016773223877
5.92,-0.22720994523181767,-0.04151928819744776,0.5034359556649933,-0.129445,-0.550025,-7.8e-05,0.5178185429781369,1000,818.9874858374534,1410.3868007659912
6.02,-0.216545332988167,-0.03580549961342775,0.5056908332348931,-0.114445,-0.550027,-7.8e-05,0.524259696578053,1000,819.8243644524204,1375.1888275146484
6.12,-0.20389540211369125,-0.029110576535232795,0.5041614094413301,-0.099445,-0.550028,-7.8e-05,0.5312860327270833,1000,820.2255114855197,1367.492914199829
6.22,-0.19347674222633177,-0.02304453589420965,0.5047050806851344,-0.084445,-0.550029,-7.8e-05,0.5381454693870202,1000,819.681306312604,1386.6081237792969
6.32,-0.18028745130949245,-0.016266889630757824,0.504514686608525,-0.069445,-0.55003,-7.8e-05,0.5451505360937885,1000,819.6149074271362,1391.165018081665
6.42,-0.17102263813484914,-0.01087832527057885,0.5055241277445994,-0.054445,-0.550031,-7.8e-05,0.5516121394430954,1000,821.103271214149,1393.0940628051758
6.52,-0.15760594701943623,-0.0034572242910770393,0.5028411190066637,-0.039445,-0.550032,-7.8e-05,0.5592012114094437,1000,820.3778246930319,1420.2301502227783
6.62,-0.1476319963851194,0.0017369188125262928,0.5047004481441065,-0.024445,-0.550034,-7.8e-05,0.5653549176628845,1000,822.4912598328136,1378.892183303833
6.72,-0.13536951123320584,0.009028731593635451,0.5043846528810945,-0.009445,-0.550035,-7.8e-05,0.5730700118770152,1000,819.1184930357977,1358.2415580749512
6.82,-0.15794233872551744,-0.0004967003438706495,0.5919048967576395,-0.0023,-0.550032,0.047227,0.5711511036250395,1000,808.2486202475608,1357.1088314056396
6.92,-0.2386477393594741,0.07187582932092766,0.6683157898296369,-0.002316,-0.550027,0.137231,0.6652937848394868,1000,674.333121837564,1368.1747913360596
7.02,-0.24231924720091333,0.0846002642380132,0.7303462515586558,-0.002338,-0.550023,0.209435,0.6784818984469793,1000,428.78292624868413,1382.843255996704
7.12,-0.26084327822602493,0.10961386513257135,0.7543489575696933,-0.002325,-0.550021,0.209411,0.7084841956426509,1000,904.3388279466191,1344.0003395080566
7.22,-0.2523487161090307,0.117727588296486,0.754722054753852,0.01184,-0.546902,0.209452,0.7152119737242201,1000,904.3468697871743,1345.634937286377
7.32,-0.24383653596345928,0.1260378255624812,0.754398953418027,0.026514,-0.543783,0.20945,0.7223221931056345,1000,903.1193530053108,1344.1638946533203
7.42,-0.23538167197064075,0.13389338650629398,0.7543740745326212,0.041187,-0.540665,0.209449,0.7290536654606289,1000,904.3787382747886,1347.8782176971436
7.52,-0.24456927883804785,0.12646375031674612,0.8188936223968287,0.047888,-0.539285,0.260167,0.7271538066280508,1000,896.2040471484595,1356.2219142913818
7.62,-0.2710427470454379,0.06615688915557688,0.9023072092535691,0.047863,-0.539282,0.350255,0.6842931564764825,1000,590.3878806659673,1386.0268592834473
7.72,-0.284140074693181,0.04138655904458651,1.0088521086413473,0.047844,-0.539277,0.440339,0.668867396912283,1000,912.8989669416411,1396.845817565918
7.82,-0.3155213059372785,-0.029661210025457598,1.0961747966110904,0.047829,-0.539272,0.530376,0.625880661215212,1000,587.6867014364395,1418.6077117919922
7.92,-0.325680431126658,-0.06053847344599405,1.2057329155538006,0.047817,-0.539267,0.620376,0.6071913480895312,1000,910.0798910653313,1438.7035369873047
8.02,-0.3221478015797997,-0.0694956069116515,1.2693070570155407,0.047813,-0.539261,0.692353,0.5979552819810345,1000,754.8902565452578,1417.8297519683838
8.12,-0.31849988138963714,-0.058724181312815496,1.2688669539699862,0.059368,-0.529679,0.69234,0.6038067381460492,1000,754.456575006283,1433.342695236206
8.22,-0.31478288496501106,-0.04859004889116806,1.2686533404911355,0.07092,-0.520102,0.692328,0.6091717619102104,1000,755.0861104783667,1387.16459274292
8.32,-0.3091182616126159,-0.054866900122015366,1.307327502293324,0.078136,-0.514116,0.728137,0.6007292225919024,1000,738.337157017411,1389.0554904937744
8.42,-0.29552650249504575,-0.08124715019026459,1.3961890596159063,0.078121,-0.514121,0.818104,0.5718323407869536,1000,690.4903768653974,1395.5869674682617
8.52,-0.28942772593290306,-0.07818723863021437,1.4123771640296756,0.086017,-0.505345,0.838407,0.5687024664350239,1000,676.0193352916085,1413.5515689849854
8.62,-0.27856370091982874,-0.08870692041115744,1.4668681402186956,0.090278,-0.500601,0.892354,0.5529022817259593,1000,644.8349599904483,1414.2096042633057
8.72,-0.26364161808737624,-0.1031554489753554,1.5436069445117642,0.091975,-0.498513,0.964436,0.5317619506998477,1000,603.1549020507102,1365.4260635375977
8.82,-0.2623879922294369,-0.09183657477022084,1.5415065764115852,0.100531,-0.486178,0.964412,0.5359247657769545,1000,603.0742205655592,1390.866994857788
8.92,-0.24053706150896922,-0.11133815477755146,1.6349294495753852,0.100572,-0.48586,1.053292,0.5065787247727223,1000,494.9562380630371,1406.099796295166
9.02,-0.18616630953025323,-0.22935652432036613,1.7027339969400037,0.100561,-0.485863,1.143257,0.38471823728027793,1000,571.5930771027283,1439.685583114624
9.12,-0.15298614677927339,-0.2510310367686099,1.769094231213859,0.10055,-0.485862,1.233207,0.34558090082622295,1000,887.91907506802,1416.6598320007324
9.22,-0.11659414913966615,-0.2589663482834396,1.8556865024437392,0.10054,-0.485861,1.32314,0.3140516226676532,1000,779.7218856168118,1429.814338684082
9.32,-0.10341917116783104,-0.26152264078680043,1.9175484572542896,0.101571,-0.480581,1.384191,0.30001255809815003,1000,742.5225819760235,1452.2111415863037
9.42,-0.10637663612929317,-0.25208078664729705,1.9181702770109186,0.104355,-0.465829,1.384154,0.3001601592103813,1000,740.7879480392772,1358.5197925567627
9.52,-0.10985683143555548,-0.2428176123525257,1.9165723647287216,0.10714,-0.451085,1.384148,0.300770559747084,1000,740.7732144204756,1377.8362274169922
9.62,-0.11222047935937263,-0.23330681766510897,1.9173865080472552,0.109924,-0.436344,1.384145,0.30095226717926304,1000,738.4208288302717,1416.6817665100098
9.72,-0.09714284154778577,-0.23160589064138454,2.000155314421206,0.110524,-0.432575,1.453244,0.28898806202822336,1000,706.3178959888696,1403.5627841949463
9.82,-0.07461428654069374,-0.20040971533276192,2.0955506089231255,0.110517,-0.432582,1.543191,0.29694707108139234,1000,579.6650045292388,1446.1641311645508
9.92,-0.026280261961226268,-0.21198078435973772,2.1493456185640256,0.110408,-0.430416,1.624495,0.2576773649154864,1000,882.2938323468113,1399.3146419525146
10.02,-0.0312651295926371,-0.20347418878873022,2.149018483082008,0.109596,-0.415424,1.624469,0.2544888608615446,1000,881.6580965935005,1397.615671157837
10.12,-0.036333383638999316,-0.19559748039682132,2.1505404820929437,0.10879,-0.400441,1.624455,0.2510411599763075,1000,879.9124768669623,1444.5507526397705
10.22,-0.041772096667224395,-0.18753524615862616,2.149057515302152,0.107986,-0.385461,1.624451,0.2481976864337495,1000,879.5220314869679,1413.75732421875
10.32,-0.04668549095360101,-0.17964356743436438,2.14924176968162,0.107182,-0.370482,1.624451,0.2451418204151734,1000,878.4802601098461,1384.3789100646973
10.42,-0.0516439682186215,-0.1713693717034228,2.1494252029628163,0.106377,-0.355504,1.624451,0.24264415866587274,1000,876.9759369295414,1420.1369285583496
10.52,-0.0566546536971122,-0.16314232485300129,2.1484993404579584,0.105573,-0.340525,1.624451,0.2403797517811678,1000,875.5474264106762,1419.6743965148926
10.62,-0.06133020056944001,-0.15528567250092623,2.1475115059424232,0.104769,-0.325547,1.624451,0.23786101839425874,1000,872.6278925367634,1404.5124053955078
10.72,-0.06636826922702183,-0.1469833024931354,2.1496089399293825,0.103964,-0.310568,1.624451,0.23616315376967476,1000,872.2149040593046,1439.8677349090576
10.82,-0.07168867857796483,-0.13922499736982,2.148576165624472,0.10316,-0.29559,1.624451,0.2345678461511651,1000,870.6714089546057,1441.1284923553467
10.92,-0.07666126693919169,-0.13104687115876917,2.1473193291023907,0.102355,-0.280611,1.624451,0.23327291412609444,1000,869.283784391676,1439.2681121826172
11.02,-0.08154518724379357,-0.12291943864908947,2.1480791067609157,0.101551,-0.265633,1.624451,0.23214515798670973,1000,867.1856263460667,1386.6617679595947
11.12,-0.08667787688671882,-0.11466473608147508,2.147315140915247,0.100746,-0.250655,1.624451,0.2315622195175154,1000,866.8497548870165,1427.0808696746826
11.22,-0.09155291243669385,-0.10709563346627139,2.1479843692314238,0.099942,-0.235676,1.624451,0.23065821500021422,1000,865.2131674409787,1431.0519695281982
11.32,-0.0968155914665772,-0.09897720407329066,2.1492150509349934,0.099138,-0.220698,1.624451,0.23068108325062517,1000,865.0024347928288,1433.8204860687256
11.42,-0.10171256898991478,-0.09097851219395849,2.1473826932504023,0.098333,-0.205719,1.624451,0.23061571762234054,1000,863.3156918013028,1432.396650314331
11.52,-0.10711773186326484,-0.08370702145389879,2.1254880965951655,0.097726,-0.192877,1.614062,0.2321185875784732,1000,866.4092141241932,1411.8518829345703
11.62,-0.11726051644832557,-0.08087740903137364,2.065228492965616,0.097838,-0.187589,1.548129,0.2401140050586929,1000,888.8490797368529,1419.8813438415527
11.72,-0.12161446471607773,-0.07250668352810233,2.0635293886477664,0.098185,-0.172585,1.548138,0.24151081573570074,1000,887.0991024314997,1479.5832633972168
11.82,-0.12586335567828957,-0.0642962265883052,2.0644714167809566,0.098526,-0.157587,1.548141,0.2430097762343526,1000,885.7570536554433,1449.8929977416992
11.92,-0.1302106301319367,-0.055437062123636506,2.064204251172545,0.098866,-0.14259,1.548142,0.24509536318152858,1000,885.4426063933328,1413.6731624603271
12.02,-0.13441344940694877,-0.04715679312303838,2.0626305216321943,0.099206,-0.127593,1.548143,0.2470789965131785,1000,883.3941811056898,1397.0167636871338
12.12,-0.13861748624254985,-0.03915423962601908,2.063144645421797,0.099545,-0.112597,1.548142,0.24922922963525512,1000,881.0679922037117,1401.557207107544
12.22,-0.1431389971197436,-0.0305323928989566,2.0635359008366327,0.099885,-0.097601,1.548142,0.2521088281566738,1000,880.7211062734751,1451.7929553985596
12.32,-0.14757912616864918,-0.02191373573497409,2.062265672736524,0.100225,-0.082605,1.548142,0.255128035512162,1000,879.695301510768,1445.0829029083252
12.42,-0.15179987425005104,-0.01385233777397639,2.0625844875855215,0.100565,-0.067609,1.548142,0.25802675924974694,1000,877.632508713735,1425.5657196044922
12.52,-0.15617993279347106,-0.005046419330189435,2.0619777584485774,0.100905,-0.052612,1.548142,0.2614481729404124,1000,877.4135421882515,1433.6521625518799
12.62,-0.16069563892487412,0.0032042375005630922,2.0609948874277286,0.101244,-0.037616,1.548142,0.2651012376992907,1000,875.5532432353824,1415.2805805206299
12.72,-0.16474326278616844,0.011468700893616292,2.0609348545798385,0.101584,-0.02262,1.548142,0.26850000080407305,1000,874.4113783128131,1433.793544769287
12.82,-0.16921775625371407,0.019715902420369576,2.0620860184744134,0.101924,-0.007624,1.548142,0.27251664581948715,1000,873.2707851978528,1431.5106868743896
12.92,-0.1732871931428639,0.028041836887129995,2.059572424458189,0.102264,0.007372,1.548142,0.2763253556939653,1000,871.4832373818874,1457.1192264556885
13.02,-0.17762908245367742,0.03636044032818539,2.059423650369866,0.102603,0.022368,1.548142,0.2805811975572534,1000,870.4511460854299,1515.5212879180908
13.12,-0.18195278268873075,0.04483329663890785,2.060406366181,0.102943,0.037364,1.548142,0.28499367955466043,1000,868.8170658471051,1459.8517417907715
13.22,-0.18599982488105743,0.05302211049341262,2.0581295205159553,0.103283,0.052361,1.548142,0.28928358031220686,1000,866.2958180956267,1489.7966384887695
13.32,-0.1904304304247164,0.06158340524340636,2.0585119418316538,0.103623,0.067357,1.548142,0.29411010581235886,1000,866.6520617880846,1437.4053478240967
13.42,-0.19483574526192304,0.06950724730860965,2.05925192023713,0.103963,0.082353,1.548142,0.2990747457280671,1000,864.9459747568053,1443.4196949005127
13.52,-0.19937833964121393,0.07746138703430185,2.058880975019972,0.104302,0.097349,1.548142,0.30433084929739945,1000,863.398535934778,1451.561689376831
13.62,-0.20368620575345686,0.08636410026440966,2.057142540955071,0.104642,0.112345,1.548142,0.3094208939522618,1000,862.7881331931575,1462.1007442474365
13.72,-0.20714064402796661,0.09483719501154358,2.0576316388666633,0.104982,0.127341,1.548142,0.3138105196671016,1000,859.1332566747599,1457.3783874511719
13.82,-0.21189097063861556,0.1034149159453063,2.056579100974346,0.105322,0.142338,1.548142,0.3195920449787571,1000,859.3942914396588,1400.7654190063477
13.92,-0.21624095765317958,0.11186139931207079,2.0549515774137896,0.105662,0.157334,1.548142,0.32509886428467966,1000,858.2868298793134,1474.3046760559082
14.02,-0.22011564824228397,0.12020571080761781,2.0555793415834285,0.106001,0.17233,1.548142,0.33025597615273017,1000,855.5555245866885,1504.6448707580566
14.12,-0.22441095562846083,0.12910298568026043,2.054934131491438,0.106341,0.187326,1.548142,0.33583742428223795,1000,854.939166651504,1459.2020511627197
14.22,-0.2282625088590404,0.13686858980229016,2.0537652004600786,0.106681,0.202322,1.548142,0.3412789226326697,1000,852.2956640259355,1424.1657257080078
14.32,-0.23291680125858943,0.14569611152020637,2.0540138538489114,0.107021,0.217318,1.548142,0.3474009263573375,1000,851.6711089384271,1469.942331314087
14.42,-0.23661646517582297,0.1540368092408,2.0534268876320043,0.10736,0.232314,1.548142,0.3527706438863732,1000,849.0906151231396,1481.6536903381348
14.52,-0.2408258043497023,0.16259249098269146,2.051403887439313,0.1077,0.247311,1.548142,0.358674590775152,1000,847.3524132330604,1453.7029266357422
14.62,-0.2454243503171169,0.17079087003588322,2.053050234219747,0.10804,0.262307,1.548142,0.36511949960076173,1000,847.3844087617214,1456.2351703643799
14.72,-0.2488117659116349,0.17956845342345454,2.051760604614034,0.10838,0.277303,1.548142,0.37032148091839767,1000,843.9100215272867,1494.9357509613037
14.82,-0.25377647806030074,0.18807280098294735,2.05094836396242,0.10872,0.292299,1.548142,0.37718271058952896,1000,845.3573981867313,1501.8019676208496
14.92,-0.25847178434863083,0.19589984583538173,2.051609779834269,0.109059,0.307295,1.548142,0.38404134909574367,1000,844.5024758535428,1432.8114986419678
15.02,-0.2597135199201395,0.17334602357128567,2.1470641831033888,0.109037,0.308391,1.631931,0.39270102062511275,1000,684.459725707896,1500.0615119934082
15.12,-0.22360826054985938,0.17148557396850161,2.188714394329896,0.109032,0.308372,1.722008,0.3597046518608777,1000,549.6317162206924,1554.9635887145996
15.22,-0.20098817244711703,0.165627071555925,2.147284453204845,0.106754,0.322518,1.729736,0.3454272834194123,1000,907.4930857532306,1491.0194873809814
15.32,-0.20582502517957274,0.17437671632612972,2.145900936042727,0.104379,0.337335,1.729722,0.35040253916822944,1000,907.2457841200549,1534.8803997039795
15.42,-0.21122437150063444,0.18277427956751854,2.14639663035167,0.102005,0.352147,1.729719,0.3560895359279489,1000,907.3533217171852,1499.8164176940918
15.52,-0.21643524793312346,0.19103432844422172,2.145460322241869,0.099632,0.366959,1.729718,0.36172917393821996,1000,906.7677332738364,1442.537546157837
15.62,-0.223259559281761,0.18795993258029192,2.202565172056843,0.098569,0.373785,1.779808,0.37162424201189165,1000,890.0860479822459,1465.4521942138672
15.72,-0.24200553563612168,0.16145296050672972,2.305520475296521,0.098565,0.373763,1.869868,0.40132760011380825,1000,745.8009347318364,1491.8768405914307
15.82,-0.2539371368262082,0.14328008236060427,2.4008433160068505,0.09856,0.373743,1.959966,0.42115007761786943,1000,700.113924952201,1463.2067680358887
15.92,-0.1875885145271508,0.10334059232072265,2.4052879539505905,0.098555,0.373727,2.050016,0.3936837821953733,1000,446.9101587040307,1484.4400882720947
16.02,-0.18036443968872837,0.08454188974404225,2.4205468809648725,0.092938,0.384003,2.071392,0.4054271575703111,1000,908.5344132421367,1447.1962451934814
16.12,-0.18730439494397433,0.09077473405150077,2.41935891630207,0.085737,0.39717,2.071371,0.4104018303426569,1000,908.7664223694619,1422.0771789550781
16.22,-0.19476666771710588,0.09709298473532521,2.4207963604387204,0.078537,0.410332,2.071365,0.4157085222503929,1000,908.9111093313091,1452.7432918548584
16.32,-0.20139529212253937,0.1028029239255681,2.421642056782962,0.071339,0.423493,2.071364,0.420982326223094,1000,908.3767689991569,1456.212043762207
16.42,-0.20651634347629233,0.10524877948766764,2.438563634506451,0.065374,0.434395,2.08783,0.42692106220378623,1000,904.1521818279512,1446.1233615875244
16.52,-0.2196422764935363,0.05946103030611692,2.5186316154282737,0.06535,0.434425,2.178429,0.47097619497121457,1000,730.5998765834497,1455.686092376709
16.62,-0.19650476803605396,0.008199160543465379,2.5288441719720587,0.065348,0.43441,2.268442,0.5002225022911179,1011,440.38566899021333,1484.4112396240234
16.72,-0.19748594131125768,0.008716710164227724,2.4803403968092,0.055815,0.445735,2.27081,0.5051201367201196,1011,922.5353520833044,1461.2514972686768
16.82,-0.20469227278364635,0.014282236107916232,2.480856057584329,0.046149,0.457213,2.270799,0.5090275098005456,1011,923.630823439876,1458.1503868103027
16.92,-0.21185770845885574,0.019468866087863555,2.4798800920916197,0.036485,0.468687,2.270796,0.5132942944161588,1011,922.231289867618,1474.2281436920166
17.02,-0.2157282870989223,0.01685563516325196,2.5184974159587004,0.030446,0.475853,2.306599,0.5208458126506744,1011,910.4219591860231,1470.7579612731934
17.12,-0.20731940308472332,0.0031982158296292394,2.6037597870744214,0.030451,0.475838,2.396566,0.5290776220590759,1011,872.0933589076618,1434.2145919799805
17.22,-0.18986997615387577,-0.016080469009209963,2.6171597657168224,0.030449,0.475825,2.48655,0.5389911332245299,1000,556.6520158470152,1501.1396408081055
17.32,-0.19276890791048135,-0.03281447740913593,2.6149272139542665,0.023469,0.481043,2.522643,0.5575018743527078,1000,908.8236603968945,1469.9680805206299
17.42,-0.20026827229785363,-0.029210813221138224,2.6171690906965184,0.011246,0.489754,2.522622,0.5604130304938862,1000,906.4304073145611,1479.0663719177246
17.52,-0.19602397927505244,-0.03873291042091073,2.6861628789242147,0.008487,0.491544,2.593528,0.5683470263576537,1000,861.8983174486436,1418.0684089660645
17.62,-0.1783347686611777,-0.06261932750359181,2.781029247691047,0.008491,0.491532,2.683493,0.584797025992637,1000,553.6058563301848,1455.1000595092773
17.72,-0.10922751484510783,-0.09170433313661934,2.7934224469881697,0.008491,0.491521,2.773449,0.5949869225030567,1000,615.25436545775,1433.1660270690918
17.82,-0.10062837595574886,-0.0941617154791043,2.8321635413000363,0.000566,0.494415,2.810814,0.5972125682947772,1000,607.2907634798061,1481.2579154968262
17.92,-0.10817027945470507,-0.09179042920017688,2.831831542925257,-0.013629,0.499292,2.81079,0.598595432349859,1000,606.8056943445423,1419.260025024414
18.02,-0.11517016538325142,-0.08956720922331095,2.834033732745116,-0.027819,0.504167,2.810786,0.6001254346349958,1000,605.7789254020046,1413.2275581359863
18.12,-0.12280693542242956,-0.08693262667371494,2.8330182008710048,-0.042006,0.50904,2.810785,0.6014251099758863,1000,605.9542410896904,1423.2590198516846
18.22,-0.09124410658055744,-0.08562986200653097,2.9342175270660102,-0.045451,0.510039,2.88197,0.5974264823176605,1000,584.500634917132,1442.0990943908691
18.32,-0.07449200432795652,-0.10474070906086339,3.009742351864472,-0.045445,0.510029,2.971923,0.6154555415618637,1000,894.8807710914867,1442.7099227905273
18.42,-0.07639098845621893,-0.10603491098602086,3.0361844315620528,-0.056653,0.511686,2.997596,0.6180361737452731,1000,884.5154210355006,1494.6801662445068
18.52,-0.08439407678512777,-0.10486488871261315,3.0355146137221634,-0.071505,0.513839,2.997583,0.6188381292458331,1000,886.3981541905231,1528.3195972442627
18.62,-0.01867261417547511,-0.12929267995555674,3.129727150849706,-0.072384,0.513842,3.083943,0.6453736356009031,1000,613.4609100290354,1478.3384799957275
18.72,0.042226301149498255,-0.1226963880976632,-2.963016930449245,-0.072378,0.513838,-3.109302,0.6467690260617244,1089,476.28786347646655,1472.510576248169
18.82,0.03741753941499151,-0.13801895207924592,-3.0047528829848233,-0.08653,0.513252,-3.099769,0.662960666668271,1089,1012.2041610345185,1614.8390769958496
18.92,0.03000288087454271,-0.13937241063208952,-3.0042814239926985,-0.101523,0.512623,-3.099784,0.6651293654809803,1089,1011.5176923816294,1536.210298538208
19.02,0.023926947662974457,-0.14044758295645635,-3.003413181135391,-0.116512,0.511996,-3.099788,0.667387239136127,1089,1012.2178813047828,1574.371337890625
19.12,0.017181668492039122,-0.1410245629686368,-3.0027391813687867,-0.131499,0.511369,-3.099789,0.6691212910871633,1089,1011.5574181864491,1596.5087413787842
19.22,0.011111754184801459,-0.14152181926715657,-3.0032173425421127,-0.146486,0.510743,-3.099789,0.6710338639574828,1089,1013.1937947665867,1582.1623802185059
19.32,0.003847980427074113,-0.14259346345073806,-3.0027052143575372,-0.161473,0.510116,-3.099789,0.6733206296019152,1089,1010.6888082259394,1593.9204692840576
19.42,0.009953768246005051,-0.14560890513654884,-2.9333452435617393,-0.168538,0.509825,-3.051727,0.6793032572674239,1089,1000.4399473961988,1705.592393875122
19.52,0.012592146502618957,-0.14676937073322852,-2.8939259653523832,-0.176748,0.508711,-3.007676,0.6822786875567812,1089,985.7275692558309,1697.5734233856201
19.62,0.006131118392198615,-0.14831655381748357,-2.8949397377867028,-0.19162,0.506704,-3.007685,0.6842203086351122,1089,986.1286091154819,1691.1935806274414
19.72,-0.00044737166204258846,-0.15020417749121437,-2.89228582396588,-0.206488,0.504701,-3.007688,0.6865519150295186,1089,985.3822071304205,1659.153699874878
19.82,-0.006797928222131702,-0.15177691083484376,-2.893937411799488,-0.221354,0.502698,-3.007689,0.6887464822770615,1089,984.4061463537238,1618.3054447174072
19.92,-0.013302310530950023,-0.15310051445677492,-2.8940811033799503,-0.23622,0.500696,-3.007689,0.6907547890489416,1089,985.2683223800525,1567.678689956665
20.02,-0.0014576469303521347,-0.15366586977630434,-2.8178404889856417,-0.240123,0.500194,-2.939993,0.6960559460702461,1089,948.7467209649781,1511.608362197876
20.12,0.014830147799339674,-0.13763846458929047,-2.815872201315028,-0.240099,0.50019,-2.849882,0.686887196443513,1027,624.1240430977615,1526.1590480804443
20.22,0.027243564796913977,-0.14032269485788235,-2.843231596329784,-0.253973,0.495918,-2.844203,0.6956184141534911,1027,954.7483889739382,1425.9653091430664
20.32,0.02145132921916969,-0.14251610951563878,-2.84382161161821,-0.26832,0.491521,-2.844214,0.6971158293141754,1027,954.3382586852539,1404.3426513671875
20.42,0.015337117090574323,-0.1437918244148473,-2.843452723070567,-0.282663,0.487126,-2.844218,0.6977545205517197,1027,955.0397216021546,1460.1850509643555
20.52,0.009243442471818573,-0.14546430845558314,-2.843370611405965,-0.297006,0.482731,-2.844218,0.6988691340872802,1027,954.8903646202828,1425.816297531128
20.62,0.003262574290227596,-0.1472910869242978,-2.8440081423415036,-0.311347,0.478336,-2.844218,0.7002773994128764,1027,954.1722150605692,1404.5140743255615
20.72,-0.0022558696159168416,-0.14891704054342866,-2.8435107587552517,-0.325689,0.47394,-2.844218,0.701826105801548,1027,954.1264743971278,1447.3767280578613
20.82,-0.008480997835488299,-0.1505164966599803,-2.8417933886900877,-0.340031,0.469545,-2.844218,0.7031370162176803,1027,955.0732139425205,1426.7444610595703
20.92,-0.014619096088693015,-0.15211684016041435,-2.8431326718328207,-0.354372,0.46515,-2.844218,0.7045923556765205,1027,955.0356863889851,1436.3250732421875
21.02,-0.02019646884466202,-0.15378563317995042,-2.842674914144957,-0.368714,0.460755,-2.844218,0.706487550740865,1027,953.902668679,1448.3675956726074
21.12,-0.026436752561844502,-0.15565348199575738,-2.8420534930771404,-0.383056,0.45636,-2.844218,0.7083345182806833,1027,954.1195614968148,1442.016839981079
21.22,-0.03206186433070363,-0.15742453924762634,-2.8415586239345694,-0.397397,0.451965,-2.844218,0.7105106416507339,1027,954.8114704308819,1461.5809917449951
21.32,-0.03751372532184444,-0.1589301438279647,-2.841222120563384,-0.411739,0.447569,-2.844218,0.7126610468322196,1027,953.9611550170439,1445.082664489746
21.42,-0.043423339108864444,-0.16095774786295755,-2.839640942756692,-0.426081,0.443174,-2.844218,0.7151238034177211,1027,953.4363661918959,1435.8868598937988
21.52,-0.005308154977857179,-0.18515936265661626,-2.702815336240055,-0.426779,0.443026,-2.756874,0.7564750644004755,1027,758.6524314486244,1447.9517936706543
21.62,-0.001178460367681927,-0.1868983092070003,-2.6574360526625638,-0.434653,0.439468,-2.716779,0.7617315339534327,1027,738.292889860683,1423.8910675048828
21.72,-0.006535012368394814,-0.1894245164813738,-2.6578886541092652,-0.448326,0.433282,-2.716791,0.7635068319411926,1027,737.2156842715026,1431.9641590118408
21.82,-0.006979446830702674,-0.19169922316483154,-2.630735696516848,-0.459697,0.428138,-2.701032,0.7675619624292783,1027,728.5696392999046,1455.7404518127441
21.92,0.059103782668974245,-0.16315984873310693,-2.539248959176335,-0.459751,0.428106,-2.610153,0.7866419702612808,1228,584.3026108863036,1469.390630722046
22.02,0.10170472914647391,-0.1617805181042955,-2.4405814525737,-0.459735,0.428104,-2.52013,0.8143576082798042,1228,839.6561404723337,2035.407543182373
22.12,0.1282010972631821,-0.18048361880951688,-2.4032585441343035,-0.459722,0.4281,-2.430129,0.8461841344405013,1213,688.3384503233757,1915.4326915740967
22.22,0.14938971348475225,-0.15934658264026952,-2.3149034595219895,-0.459711,0.428096,-2.340154,0.846222469015509,1213,906.8206409456589,1777.8778076171875
22.32,0.1780274518358152,-0.17179233195275256,-2.2344529971049685,-0.459701,0.428092,-2.250195,0.8755334316879658,1213,736.1150028898552,1792.4296855926514
22.42,0.174381990058645,-0.1756549730756578,-2.234927094196766,-0.469087,0.416669,-2.249458,0.8745856334557669,1213,734.697038832421,1714.0908241271973
22.52,0.17080856887850798,-0.17998260057448218,-2.2357147354678193,-0.478509,0.40499,-2.249471,0.8739600955862736,1213,736.5115860824577,1860.114574432373
22.62,0.16732504831207304,-0.1848010231584374,-2.234805391790629,-0.487928,0.393313,-2.249474,0.873826287710949,1213,734.956500044343,1766.028881072998
22.72,0.16377867832230686,-0.18913326437634617,-2.2352897077646507,-0.497345,0.381636,-2.249475,0.8734197565862203,1213,735.1685588357606,1760.5195045471191
22.82,0.16000950513928525,-0.1933579202688362,-2.2372210458072614,-0.506762,0.36996,-2.249475,0.872875317191244,1213,736.0042552965365,1788.5611057281494
22.92,0.1542937476733265,-0.1949316100410444,-2.249640678121858,-0.512616,0.362667,-2.213917,0.8693013409982782,1151,708.395342274946,1824.2793083190918
23.02,0.16793739972788724,-0.17744280062345819,-2.2220763747080285,-0.512602,0.362674,-2.123952,0.86882681409917,1151,810.0934327469387,1663.5594367980957
23.12,0.14279479251822608,-0.1574684310321694,-2.1815897764906595,-0.512589,0.362674,-2.033983,0.8367054822669852,1151,643.3895753561094,1743.5705661773682
23.22,0.1583695758540792,-0.15835063858934942,-2.167505170075738,-0.516316,0.355027,-1.997936,0.8477955095830167,1151,1000.2022046959243,1624.6826648712158
23.32,0.15536578693735634,-0.16298301554721054,-2.167530316436711,-0.522537,0.341367,-1.997957,0.8449385342851314,1151,999.7533761959497,1625.0298023223877
23.42,0.15221867926286278,-0.16781441379220752,-2.169207910733125,-0.528753,0.327713,-1.997961,0.8421815990495618,1151,999.3728056801476,1623.8386631011963
23.52,0.14901694135304971,-0.17237999988664732,-2.1705622194509195,-0.534969,0.31406,-1.997962,0.8393215363961174,1151,998.1342687061378,1642.1468257904053
23.62,0.1509964800017417,-0.17191434829297278,-2.1283075561506406,-0.534961,0.313529,-1.907402,0.8403528477801645,1151,752.0279808186923,1614.5625114440918
23.72,0.18060244986493684,-0.1376096042385754,-2.0217266355675125,-0.534951,0.313533,-1.817446,0.8458997511364904,1105,565.623484981601,1650.4805088043213
23.82,0.17813980933581092,-0.11782804858271032,-2.021597426002654,-0.53494,0.313534,-1.727506,0.833400282841246,1105,797.4201249419904,1551.3825416564941
23.92,0.175199714624749,-0.12328992647305681,-2.0239090504082053,-0.537105,0.299357,-1.719911,0.8282562592179831,1105,793.8067295974904,1506.3209533691406
24.02,0.1723840936702803,-0.12871225570283676,-2.0276935992685647,-0.539334,0.284517,-1.719923,0.8229830269369949,1105,788.1315138766688,1483.1550121307373
24.12,0.170585855303853,-0.13414422628494332,-2.028263262950378,-0.541563,0.269682,-1.719927,0.8186767452090762,1105,785.733461420561,1562.5722408294678
24.22,0.167234730211907,-0.13903667387090032,-2.027501365326566,-0.543793,0.254847,-1.719928,0.812837487861094,1105,786.4283587776937,1596.7607498168945
24.32,0.16424255391539752,-0.1441273177613446,-2.021156715587965,-0.545621,0.242275,-1.707469,0.8082159466063125,1105,766.6052331661998,1522.0975875854492
24.42,0.17343778571197993,-0.13748222965051765,-1.9334315159581452,-0.545589,0.242113,-1.615515,0.813075677255648,1000,645.7247175545492,1607.7673435211182
24.52,0.180828914286592,-0.14028211104349175,-1.9506106519759117,-0.545833,0.230961,-1.587925,0.8160018291474013,1000,884.5962458420863,1407.3584079742432
24.62,0.1779351669101806,-0.1456206491395123,-1.949130396612599,-0.546088,0.215957,-1.587937,0.8092885409913473,1000,882.8719716230169,1501.882791519165
24.72,0.17563055624197785,-0.15113145013895268,-1.949377726067982,-0.546345,0.200957,-1.587941,0.8032527500931217,1000,880.3230457620086,1449.5153427124023
24.82,0.17256988312251675,-0.15752368522621946,-1.9512054562415717,-0.546602,0.185958,-1.587942,0.796986741144312,1000,879.6665315149392,1472.6848602294922
24.92,0.17073594659862545,-0.16317958394463286,-1.9506034261858662,-0.54686,0.17096,-1.587942,0.7915764044825172,1000,876.2460056080507,1422.5730895996094
25.02,0.16796021159633337,-0.16996924930923288,-1.948726881967985,-0.547117,0.155962,-1.587942,0.785854056311135,1000,878.9567596323483,1423.0232238769531
25.12,0.1646446196313073,-0.17539868924283264,-1.9527334162470822,-0.547374,0.140965,-1.587942,0.7791383051634722,1000,877.2826002789998,1471.0595607757568
25.22,0.16236141809001403,-0.1810533562107571,-1.950730126894783,-0.547631,0.125967,-1.587942,0.7735313392960141,1000,874.9105984908048,1431.6527843475342
25.32,0.15963998073912333,-0.18735317408969365,-1.952083823128263,-0.547888,0.110969,-1.587942,0.7678489194381813,1000,872.2843127874097,1399.566411972046
25.42,0.15719579737085593,-0.1929081507764822,-1.950098371720775,-0.548145,0.095971,-1.587942,0.7622052244567051,1000,874.5476727006389,1433.5112571716309
25.52,0.15490699648865577,-0.1992214474449155,-1.9522076472203596,-0.548403,0.080973,-1.587942,0.7570692699745741,1000,868.6859113113443,1472.5067615509033
25.62,0.1515784511624291,-0.20480646870699137,-1.9513515925258675,-0.54866,0.065976,-1.587942,0.7507709596444248,1000,869.4367366464436,1434.5080852508545
25.72,0.1492040787087889,-0.21068347159704653,-1.9512378957096765,-0.548917,0.050978,-1.587942,0.745546622456205,1000,867.623267721445,1389.169454574585
25.82,0.1473250070662492,-0.21625373744451964,-1.950374854426822,-0.549174,0.03598,-1.587942,0.7407649594503657,1000,866.6554089013774,1426.8004894256592
25.92,0.14450885907250915,-0.22171851534185927,-1.9497756852439017,-0.549431,0.020982,-1.587942,0.7351571724174213,1000,865.1241573308279,1407.5298309326172
26.02,0.14177645433007993,-0.2274045449907578,-1.9501693834579725,-0.549688,0.005984,-1.587942,0.7297899043799511,1000,863.2233203548356,1442.5134658813477
26.12,0.13913109623590506,-0.23322286408919937,-1.9498257520829492,-0.549946,-0.009013,-1.587942,0.7246359828988649,1000,861.6979240045175,1505.1839351654053
26.22,0.13706315385169252,-0.2386424805833944,-1.9458732465981035,-0.550203,-0.024011,-1.587942,0.7200009990878612,1000,862.1197478726979,1486.9914054870605
26.32,0.13433543198248302,-0.24436377380181434,-1.9473633744934433,-0.55046,-0.039009,-1.587942,0.7149233293069053,1000,858.7801213264436,1435.556411743164
26.42,0.1321473966033854,-0.24957350304951034,-1.9462970326427405,-0.550717,-0.054007,-1.587942,0.7103168597629651,1000,856.1048206945175,1439.6755695343018
26.52,0.12961155376748534,-0.25506744678247534,-1.944040447440409,-0.550974,-0.069005,-1.587942,0.7055607203491958,1000,854.937317477397,1431.2288761138916
26.62,0.1270559694752617,-0.25013695001144276,-1.9208741313052775,-0.551114,-0.079101,-1.558446,0.6994053214655963,1000,797.5227843821804,1437.5884532928467
26.72,0.08433608595597301,-0.21650098471197377,-1.9441735705285734,-0.551109,-0.079108,-1.468275,0.650128671505617,1000,549.8437609513959,1433.0928325653076
26.82,0.09006161618241477,-0.2364771245990303,-1.9400307417436438,-0.550228,-0.084348,-1.406521,0.6581140198645608,1000,763.9192394266696,1391.2713527679443
26.92,0.08785347035511422,-0.2435978811586741,-1.9384001694855042,-0.547769,-0.099157,-1.40654,0.6518275024653626,1000,759.2468181021417,1407.2701930999756
27.02,0.08503746472192254,-0.2501147604906586,-1.9378265946711866,-0.545316,-0.113958,-1.406549,0.6448908077451893,1000,760.6052098656118,1402.5204181671143
27.12,0.08515676853747134,-0.2574512840983418,-1.8753387406841189,-0.544709,-0.117809,-1.338398,0.6451595569186752,1000,619.1398042839045,1419.5199012756348
27.22,0.09379692166002439,-0.2705757855847453,-1.780316972870905,-0.544706,-0.117789,-1.248328,0.6565285849204939,1000,440.18444631527666,1455.6114673614502
27.32,0.20847994447214843,-0.2956613626716519,-1.822887494065627,-0.544701,-0.11777,-1.158247,0.7739036581055388,1000,495.89652014087306,1450.321912765503
27.42,0.2329780479365755,-0.2489996238442937,-1.814233620283504,-0.544696,-0.117755,-1.06821,0.7886710823417384,1000,691.2754486248093,1399.0657329559326
27.52,0.28317924126753957,-0.22936337691354983,-1.745488254616209,-0.544691,-0.117743,-0.978207,0.8353611464023791,1000,470.8105227440466,1438.0378723144531
27.62,0.33113687577854845,-0.17551506093904518,-1.7332639141620894,-0.544686,-0.117732,-0.888226,0.8777269460763365,1000,617.4059416158179,1431.1587810516357
27.72,0.3041291515759844,-0.13099084706850725,-1.6036595327947318,-0.544681,-0.117722,-0.79826,0.8489138564783667,1000,523.5372431190041,1443.7251091003418
27.82,0.3241410593647782,-0.09846515668615646,-1.5712952943017353,-0.538298,-0.123791,-0.760015,0.862810830632973,1000,826.8476327401032,1383.2650184631348
27.92,0.3237332365311313,-0.1108003444709115,-1.5735297284500618,-0.52742,-0.134133,-0.760041,0.8514729854032123,1000,827.108299758678,1382.6193809509277
28.02,0.3230191381435101,-0.1227808067468536,-1.5731998482226293,-0.516546,-0.144471,-0.760047,0.8398452748389372,1000,826.8381449990923,1386.9669437408447
28.12,0.3230811194744352,-0.13417308592405933,-1.5713403423396417,-0.505674,-0.154806,-0.760049,0.8290119210230636,1000,824.0281427103148,1450.063943862915
28.22,0.31722800981360044,-0.12303079971165107,-1.5038524131539046,-0.501064,-0.159183,-0.706193,0.8190902239133796,1000,761.3042618646323,1411.318302154541
28.32,0.24879117413711188,0.1265859127276612,-1.4498297921381742,-0.501068,-0.15917,-0.616223,0.8024619758570559,1000,498.13608915439494,1473.6413955688477
28.42,0.2414906067252434,0.16879042994347584,-1.35767169747586,-0.501067,-0.159158,-0.526252,0.8117524080702885,1000,907.4321228095871,1480.231761932373
28.52,0.23858951779681956,0.17160807176266057,-1.3171949954803195,-0.493619,-0.163394,-0.490217,0.8052053785336324,1000,890.1850711704967,1427.560806274414
28.62,0.24101537016933428,0.16135379363731772,-1.3164479894431216,-0.480378,-0.170463,-0.490238,0.7940470886943799,1000,888.8550706077632,1451.1082172393799
28.72,0.23167100386145334,0.1744740273360239,-1.2363311856614374,-0.477301,-0.171885,-0.418325,0.7890537865548084,1000,855.593965892476,1481.5387725830078
28.82,0.17344005490430708,0.1905530538936779,-1.1675628173749004,-0.477306,-0.171875,-0.328368,0.744865439004038,1000,664.4946197286919,1429.0711879730225
28.92,0.13200817437483464,0.20187988958055367,-1.0790265895507152,-0.477307,-0.171865,-0.238422,0.7148078232721123,1000,556.2972058528122,1451.5063762664795
29.02,0.11192158253234966,0.2264782719248817,-1.0143297982367923,-0.475,-0.172266,-0.158996,0.7095589745998437,1000,900.3043225640585,1433.7351322174072
29.12,0.11783227694186142,0.21684998520084445,-1.0139643682058395,-0.460175,-0.17464,-0.159031,0.6981094618398342,1000,900.1086191776249,1425.1008033752441
29.22,0.12301154749376633,0.2074791088509313,-1.0136450608639118,-0.445359,-0.177016,-0.159039,0.6862081083670268,1000,898.8266772236435,1428.5080432891846
29.32,0.1291099051722811,0.19850433819376484,-1.0140765862284629,-0.430546,-0.179393,-0.159043,0.6752933661810532,1000,897.5027394508477,1401.4413356781006
29.42,0.11437679124469362,0.19708646101513438,-0.931426947871349,-0.426722,-0.179907,-0.09045,0.6594785603297793,1000,866.1634263500025,1427.5922775268555
29.52,0.08000211993433884,0.2036892504754132,-0.8229240662911685,-0.42673,-0.1799,-0.000504,0.6355455565523517,1000,774.1066497756581,1401.6876220703125
29.62,0.0718735787191836,0.19642571674203693,-0.7845105411291399,-0.418575,-0.179539,0.044968,0.6179719059978271,1000,743.7411785688168,1392.5223350524902
29.72,0.07922085758440388,0.1886456484416667,-0.7827017069662341,-0.403581,-0.178861,0.044945,0.6067608839862518,1000,743.3607982542111,1411.5221500396729
29.82,0.08656507010790865,0.18134324824114637,-0.7848693594047321,-0.388593,-0.178187,0.044937,0.5958499735579524,1000,739.9503218753749,1433.8033199310303
29.92,0.09359629172084928,0.1739187798649216,-0.7828566239182303,-0.373608,-0.177513,0.044935,0.5846230803700853,1000,737.6361359816824,1404.1833877563477
30.02,0.10024328371927183,0.1666353146059736,-0.7829356095171586,-0.358622,-0.17684,0.044935,0.5731776690926125,1000,734.0885617118446,1442.2597885131836
30.12,0.10857957338849376,0.1594570913515875,-0.7827006355254981,-0.343637,-0.176166,0.044935,0.5631542317124386,1000,735.4271885658394,1406.8925380706787
30.22,0.11435727685267857,0.15209982120261423,-0.7815514419897535,-0.328652,-0.175492,0.044935,0.5509751543367257,1000,729.3567347727496,1422.2345352172852
30.32,0.12184957408351696,0.14471167645379143,-0.7804364071585771,-0.313668,-0.174818,0.044935,0.5401618011950274,1000,727.5328023162273,1402.2560119628906
30.42,0.12978722930493378,0.13690444596864013,-0.7825004510438744,-0.298683,-0.174145,0.044935,0.5294700135399742,1000,728.1709068397347,1400.615930557251
30.52,0.13709138017001646,0.12968840949417196,-0.7813687856237292,-0.283698,-0.173471,0.044935,0.5186225313546662,1000,725.6625856031986,1421.485185623169
30.62,0.14299759697069156,0.12221469739607042,-0.7805344093255528,-0.268713,-0.172797,0.044935,0.506495327972997,1000,720.9360737990576,1418.522834777832
30.72,0.1508130882866227,0.11476901022609931,-0.7825375016833257,-0.253728,-0.172123,0.044935,0.4959440670516156,1000,719.7215412444871,1466.8424129486084
30.82,0.15850057581850668,0.10772745198729865,-0.7789671562383595,-0.238743,-0.171449,0.044935,0.4855326455278678,1000,719.6773664996797,1483.182430267334
30.92,0.16523648602294516,0.09953179256635386,-0.7798122403669995,-0.223758,-0.170776,0.044935,0.47369084103278825,1000,716.963309091187,1403.5778045654297
31.02,0.17197179090929635,0.09218739079671064,-0.781974073480006,-0.208774,-0.170102,0.044935,0.4623451976820514,1000,713.0728747591259,1406.6343307495117
31.12,0.1799669559903621,0.08508912436342685,-0.7794134659849111,-0.193789,-0.169428,0.044935,0.45218633463705815,1000,712.8558749885508,1397.0880508422852
31.22,0.1872797828109685,0.07791008466401662,-0.778373182559961,-0.178804,-0.168754,0.044935,0.4414300700001366,1000,711.2550201216591,1441.150426864624
31.32,0.19453895185490583,0.07068190013084844,-0.7797231058371746,-0.163819,-0.16808,0.044935,0.4306131287034062,1000,709.101554361365,1483.4706783294678
31.42,0.20127880086940442,0.06340273627458448,-0.7785673224783832,-0.148834,-0.167407,0.044935,0.41934723999540346,1000,704.4657798228468,1438.9567375183105
31.52,0.207984804043383,0.056151251705401174,-0.7788516026673227,-0.133849,-0.166733,0.044935,0.4080781043440662,1000,702.3599411094133,1412.0538234710693
31.62,0.21583827763129484,0.04863569702307984,-0.7796690487037675,-0.118864,-0.166059,0.044935,0.39764233625383555,1000,702.3114897199649,1418.3781147003174
31.72,0.2229173791679447,0.04122415122075885,-0.7784765831162912,-0.10388,-0.165385,0.044935,0.38663143741708306,1000,699.1714944778687,1391.5174007415771
31.82,0.22586748333626946,0.03673727044358742,-0.7586444802034036,-0.091006,-0.164814,0.054966,0.3755419005371906,1000,688.752376124687,1400.5560874938965
31.92,0.21452705401076003,0.03946272639250542,-0.6570818567563205,-0.090838,-0.164801,0.147117,0.3673846569070988,1000,654.4773002162915,1402.6248455047607
32.02,0.20518135651811162,0.03812976746755744,-0.5824927777387248,-0.088516,-0.164246,0.226016,0.3566708405292051,1000,627.1636652465373,1376.2574195861816
32.12,0.21252219539827794,0.03342783400585812,-0.579533745521012,-0.073886,-0.160877,0.226001,0.3460982850424749,1000,621.6665438241472,1397.5167274475098
32.22,0.22120347151403844,0.027480351132726354,-0.5809668240060563,-0.059263,-0.157515,0.22599,0.33598321622404836,1000,621.00447221312,1406.5210819244385
32.32,0.22974558260721434,0.021761397142969763,-0.581854315149776,-0.044643,-0.154154,0.225987,0.32593760325737936,1000,617.7110954726985,1413.7020111083984
32.42,0.23497770902175355,0.016717412621303933,-0.5620966740385829,-0.032292,-0.151367,0.239012,0.31573005420267103,1000,611.6091025400942,1437.718391418457
32.52,0.2235325703342818,0.021001344191110147,-0.46003388755709745,-0.032154,-0.151328,0.330838,0.30833913977736555,1000,510.59849512043917,1464.146614074707
32.62,0.16947597185695984,0.06351795033582246,-0.30806126105023207,-0.032174,-0.151324,0.420915,0.29465195532019245,1000,784.4028553784091,1416.5921211242676
32.72,0.1676137328089955,0.06023062546713458,-0.2498197594787422,-0.027129,-0.148707,0.478514,0.28562153860967915,1000,764.2224173428369,1416.029930114746
32.82,0.1786485593104097,0.05749417177528009,-0.24985542066391098,-0.013803,-0.141795,0.478491,0.2770447196174026,1000,764.3542104355172,1424.6454238891602
32.92,0.18920646482610315,0.05479131557778628,-0.24811378997988529,-0.000484,-0.134888,0.478482,0.2682549444166883,1000,762.3158517257293,1386.3348960876465
33.02,0.19984408013657665,0.052364296373040985,-0.24805290383893164,0.012832,-0.127981,0.47848,0.259803664410049,1000,760.5989707730135,1393.0456638336182
33.12,0.21046009909543206,0.04986568147530908,-0.24813077954729734,0.026148,-0.121075,0.478479,0.25137952672444797,1000,757.7946882864479,1414.182186126709
33.22,0.22145264574307164,0.047183693114098806,-0.24692950048478587,0.039464,-0.114168,0.478479,0.24321643869233744,1000,757.3338589060124,1423.4247207641602
33.32,0.23203966243192847,0.04455092314627064,-0.24802422567160096,0.052779,-0.107262,0.478479,0.23490753229675138,1000,754.7467223913812,1416.7256355285645
33.42,0.24272999772557916,0.042193613856628454,-0.24784963337767185,0.066095,-0.100355,0.478479,0.22698024084479584,1000,754.0051684275721,1426.5573024749756
33.52,0.2533530446300189,0.039385883991631954,-0.2470747711439385,0.07941,-0.093449,0.478479,0.2188636314699888,1000,751.4833795428793,1487.633228302002
33.62,0.263473654840843,0.03672380765909717,-0.24799773466487435,0.092726,-0.086543,0.478479,0.21059313261384502,1000,749.3398640044973,1462.477207183838
33.72,0.2745618843219533,0.03393566765472169,-0.2480989451957532,0.106041,-0.079636,0.478479,0.20321863139615845,1000,749.6696220648946,1437.5884532928467
33.82,0.2835104041359723,0.026106662947172916,-0.34393625275811807,0.106465,-0.079623,0.3889,0.2062130857937792,1000,780.1590364070664,1451.124906539917
33.92,0.2904199137155378,0.020676640473366818,-0.38348902536433366,0.114332,-0.076545,0.351938,0.201144228684353,1000,783.7192798082054,1412.642240524292
34.02,0.3011092767182294,0.01672099585881345,-0.3834891545565161,0.128419,-0.07137,0.35195,0.19386065930047833,1000,783.6838375264797,1429.0785789489746
34.12,0.31090203777875686,0.012660104350129032,-0.3825546767341004,0.142502,-0.066198,0.351953,0.185949383826843,1000,780.9264922682476,1403.0001163482666
34.22,0.3222049514961208,0.007896327460027447,-0.3839116171490502,0.156583,-0.061026,0.351954,0.17939040676661233,1000,782.9540907590728,1407.520055770874
34.32,0.3214686905589918,0.0012916931772688524,-0.463375217751199,0.159979,-0.059963,0.2807,0.17271669749355523,1000,784.7984909011109,1428.056001663208
34.42,0.30001198780413874,-0.026142737833259978,-0.5978277524215434,0.159973,-0.059974,0.190745,0.14406759665171906,1000,659.8318012838591,1409.1966152191162
34.52,0.30249103950198303,-0.03655143377959541,-0.6410285598742023,0.168206,-0.058723,0.147083,0.1361030866024534,1000,656.1906100106412,1388.2291316986084
34.62,0.30879270939821013,-0.04445158736191276,-0.661971273477723,0.180801,-0.056906,0.134775,0.1285962288282033,1000,655.3054852867517,1433.638572692871
34.72,0.22609256611550127,-0.0008865109557884622,-0.7183787485581814,0.180966,-0.056936,0.042815,0.07195798907344408,1000,436.2468899030659,1427.156925201416
34.82,0.2159310038181037,-0.019497680575370477,-0.7788412673365795,0.189082,-0.056936,-0.003162,0.04607056291565298,1000,908.7808428368115,1426.5098571777344
34.92,0.22288509798117107,-0.026608719133422352,-0.7796179910413408,0.204091,-0.056987,-0.003142,0.03572195497638023,1000,909.334956158811,1425.0829219818115
35.02,0.22939050170499498,-0.032889198331949955,-0.7794518452604776,0.219093,-0.057034,-0.003136,0.026248999770540717,1000,908.9819350594621,1408.5683822631836
35.12,0.23636316375714023,-0.0388660961037826,-0.7799122016716117,0.234094,-0.05708,-0.003134,0.018354710547904645,1000,909.8937365949164,1472.8963375091553
35.22,0.23933278966503774,-0.04702734730112644,-0.8208435857152337,0.244222,-0.057113,-0.032222,0.011208245538968051,1000,901.1426387341112,1480.2403450012207
35.32,0.23703976237231014,-0.0533673813894131,-0.8942808257085693,0.246462,-0.057369,-0.112775,0.010236772607479851,1000,878.624794641549,1444.6463584899902
35.42,0.24282769825257197,-0.06090601950973223,-0.8964242576778954,0.261376,-0.059065,-0.112762,0.01863944340770014,1000,878.3047789550064,1457.1070671081543
35.52,0.24869487658228145,-0.06803022310638826,-0.8960658464327358,0.276284,-0.060754,-0.112756,0.028532492944922334,1000,879.7521475990649,1430.379867553711
35.62,0.2548689965678482,-0.07557677481954164,-0.895532011199053,0.29119,-0.062442,-0.112755,0.03862301904147896,1000,880.5354258906656,1436.4101886749268
35.72,0.24692444897230562,-0.08160066309633326,-0.9716679549746245,0.295134,-0.06287,-0.180018,0.0517203881493576,1000,849.4588806535679,1473.9727973937988
35.82,0.2442865757344155,-0.08835387540900848,-1.0093446717599766,0.303325,-0.064743,-0.222823,0.06358465992157919,1000,833.4187757579846,1444.8273181915283
35.92,0.24962286756271768,-0.09637123096395976,-1.0085352785452437,0.31796,-0.068062,-0.222812,0.07396875169638517,1000,834.5601233037887,1385.2417469024658
36.02,0.2546383784983196,-0.10444024218100599,-1.0086045915688295,0.332592,-0.071377,-0.222808,0.08467552827557145,1000,834.3877412251392,1418.5848236083984
36.12,0.25896889137872164,-0.11257933235665206,-1.010511840381631,0.347222,-0.074692,-0.222807,0.09604197589815906,1000,833.5403400456235,1414.658546447754
36.22,0.26048501003902125,-0.1201370715486644,-1.027524169965352,0.359589,-0.077442,-0.235729,0.10790954527163642,1000,827.6416810123609,1432.0712089538574
36.32,0.24175495612243653,-0.12540672879403758,-1.1142652058888176,0.359728,-0.077481,-0.327582,0.12733622643292505,1000,785.621250587486,1424.2157936096191
36.42,0.2331167074553273,-0.13234299728734186,-1.15273163330076,0.367739,-0.080569,-0.368309,0.1442349071656827,1000,759.1980528075114,1374.311923980713
36.52,0.23693003694136924,-0.1410432210014374,-1.1537900346607526,0.38174,-0.085973,-0.368294,0.1549279014322119,1000,759.9437472106018,1393.9838409423828
36.62,0.24104212327669897,-0.149454827600831,-1.152989090116245,0.395737,-0.091374,-0.368289,0.16523887986558963,1000,760.7030811855232,1413.7752056121826
36.72,0.24442057834866301,-0.1585258483527888,-1.1539931908108438,0.409732,-0.096774,-0.368288,0.17646857199901614,1000,761.3473137568534,1417.6139831542969
36.82,0.23738962541486078,-0.16286373738086074,-1.1868101349342361,0.418704,-0.100239,-0.402419,0.19182481633829854,1000,740.0294051397982,1445.051670074463
36.92,0.1638740728807965,-0.16925220166318847,-1.269957458344323,0.418685,-0.100239,-0.492427,0.2639913456595726,1000,640.0530178279992,1581.411600112915
37.02,0.1507994850517618,-0.17523178727487923,-1.312921788629838,0.426201,-0.104657,-0.531659,0.28430053646569,1000,620.6543459830683,1609.647274017334
37.12,0.15354839676480272,-0.18464139736004576,-1.3135822245602133,0.439138,-0.112266,-0.531644,0.29461775170390175,1000,621.8385163493111,1487.1559143066406
37.22,0.15640462321560492,-0.1935637789995208,-1.312991342830085,0.45207,-0.119871,-0.531639,0.30471074924546154,1000,623.4118754231596,1467.5703048706055
37.32,0.1451997224527195,-0.18334817361809133,-1.3422323064258133,0.455047,-0.121626,-0.602821,0.31593505997214566,1000,584.9733521729346,1513.1070613861084
37.42,0.09434492235159342,-0.20140355683234626,-1.4679303606806704,0.455031,-0.121626,-0.692822,0.36940344500766453,1000,866.6998190531683,1446.3582038879395
37.52,0.04727568773114582,-0.22062545489665072,-1.5407273919941158,0.455018,-0.121629,-0.782817,0.4195880018499771,1000,515.3209178449853,1450.6175518035889
37.62,0.017407848331050278,-0.21662730598687843,-1.6191335163988396,0.455007,-0.121632,-0.872789,0.44779138636303073,1000,864.4997554881379,1398.4813690185547
37.72,0.009702141770878409,-0.2158774377439721,-1.6575573148805158,0.460512,-0.128454,-0.909283,0.45920843387674715,1000,841.1395034298907,1387.7274990081787
37.82,0.008430249630058702,-0.2257244003148883,-1.6575744743740193,0.469734,-0.140296,-0.90926,0.46914727078576707,1000,839.3161926963801,1383.2638263702393
37.92,0.00782973320097463,-0.2352945245032131,-1.657260656954362,0.478952,-0.152133,-0.909255,0.4784057163449769,1000,839.4076963951895,1398.2932567596436
38.02,0.007003254605340292,-0.24564803566357427,-1.6582895302911576,0.488168,-0.163969,-0.909253,0.4880481298782315,1000,839.8331299321522,1386.075496673584
38.12,0.006389979786702606,-0.2553396800597138,-1.6580858527826539,0.497384,-0.175805,-0.909252,0.49739410251571836,1000,840.4025020647455,1424.1788387298584
38.22,0.005545433854229064,-0.2649668946497352,-1.6580471273173223,0.506599,-0.187641,-0.909252,0.5069851774270885,1000,841.596938576295,1452.2664546966553
38.32,0.004907753440804561,-0.27545088146447233,-1.6582385395781247,0.515814,-0.199476,-0.909252,0.5165243221637739,1000,842.1438764607356,1426.581859588623
38.42,-0.01790718997848558,-0.2491028305026349,-1.760496700525869,0.515965,-0.199763,-0.998427,0.536147306350086,1000,470.98461994082345,1419.8837280273438
38.52,-0.039593737770335334,-0.24320029251169217,-1.7985968076727512,0.518928,-0.204508,-1.052504,0.5598603621098797,1000,872.8476564397836,1421.6232299804688
38.62,-0.04146614814886388,-0.25210710282531407,-1.798939991237409,0.526366,-0.217546,-1.052485,0.5688829565911209,1000,871.9714471681979,1414.0667915344238
38.72,-0.05127174380229584,-0.23683327234150564,-1.878085396479553,0.52788,-0.220526,-1.123583,0.5793812816103573,1000,820.8974835865318,1408.6530208587646
38.82,-0.10776434995583879,-0.1743976687732725,-1.9916362004417927,0.527868,-0.220521,-1.213545,0.637303574439868,1000,475.28155534733077,1425.0929355621338
38.92,-0.18840345724076477,-0.12039559895102075,-2.06213518718749,0.527858,-0.220521,-1.303495,0.7232258091798736,1000,691.450709260383,1387.603521347046
39.02,-0.19342996496009454,-0.10861043808499417,-2.12025055857235,0.528998,-0.225799,-1.364326,0.7318711113304657,1000,657.5401763073846,1410.7446670532227
39.12,-0.19814667206214834,-0.11677868874518395,-2.119621987849132,0.532074,-0.240493,-1.364292,0.7406263975285712,1000,658.8978142879473,1390.542984008789
39.22,-0.2022768100764381,-0.12402730107969992,-2.1216719106071906,0.535151,-0.255179,-1.364286,0.7489996950625631,1000,658.7884129982463,1403.5866260528564
39.32,-0.20663960742106816,-0.13152440415952787,-2.1214966821301733,0.538228,-0.269861,-1.364283,0.7576046240183046,1000,658.7047132540667,1454.6923637390137
39.42,-0.2104932866400836,-0.13922228913788506,-2.1200178893973805,0.541304,-0.284543,-1.364283,0.7657135686435642,1000,660.5076612001783,1412.067174911499
39.52,-0.21506634688347664,-0.1462713800276734,-2.122432905023108,0.54438,-0.299224,-1.364283,0.7746955903779607,1000,659.0810166475222,1380.943775177002
39.62,-0.219116281373761,-0.15457734078447094,-2.1227312342222895,0.547456,-0.313905,-1.364282,0.7829548936954621,1000,661.8955505959268,1388.2968425750732
39.72,-0.22361849750329,-0.16168275844228883,-2.122098026123288,0.550531,-0.328587,-1.364282,0.7919371631225239,1000,661.5175526839475,1394.0932750701904
39.82,-0.22817148652472236,-0.16889247023920906,-2.124902776318552,0.553607,-0.343268,-1.364282,0.8009896549720489,1000,661.6324076301652,1404.0031433105469
39.92,-0.23426703863406337,-0.15767923211477045,-2.1847521827883414,0.554881,-0.349937,-1.415651,0.8122300635855583,1000,624.2245892446574,1394.0904140472412
40.02,-0.23703664217582215,-0.12496084625758354,-2.2662093783259762,0.555443,-0.355165,-1.478016,0.8252381084652971,1000,574.3179266554218,1456.082820892334
40.12,-0.2549878467595426,-0.10616771877963886,-2.254155375927152,0.556829,-0.37011,-1.478,0.853646367355016,1000,907.6345533338233,1387.5045776367188
40.22,-0.2606008705189065,-0.10919924686795383,-2.27452722398757,0.557885,-0.382845,-1.489429,0.863018608400941,1000,898.0492780220934,1413.067102432251
40.32,-0.25117287278829303,-0.06008249307959879,-2.3185346146785037,0.557864,-0.38301,-1.581407,0.8711043773606505,1058,535.5054960439622,1446.51460647583
40.42,-0.25899049480131,-0.01737288731852518,-2.3830413006618265,0.557857,-0.383004,-1.671347,0.8949446576877642,1058,883.8814782006453,1499.459981918335
40.52,-0.26691080034732056,0.059986961250385086,-2.515931728045386,0.557851,-0.38298,-1.761516,0.9361900213479919,1058,694.1431815656645,1467.5676822662354
40.62,-0.23817700622801213,0.0980754719102193,-2.50140929583537,0.557845,-0.382957,-1.851667,0.93007702553677,1105,448.2572887955518,1522.7453708648682
40.72,-0.20662445414915315,0.13994695038947827,-2.5771371546829895,0.557839,-0.38294,-1.941741,0.9261831004813589,1105,932.491701347609,1555.051565170288
40.82,-0.15385808379379576,0.17136274032441465,-2.6364438412192728,0.557833,-0.382926,-2.031771,0.9020754992804172,1042,602.5313692684372,1578.10640335083
40.92,-0.13990308861082523,0.19078342399033565,-2.6661543510490326,0.55366,-0.390564,-2.071195,0.9049831961222189,1042,943.2863456742836,1486.9842529296875
41.02,-0.14670052894441066,0.1874695114227999,-2.667108550069885,0.54646,-0.403734,-2.071166,0.9110395769697076,1042,942.0681859122657,1448.0321407318115
41.12,-0.1261113421411091,0.20419054317605953,-2.764866792328326,0.544784,-0.406793,-2.142252,0.9074147068119448,1042,903.8334216429137,1462.2516632080078
41.22,-0.09884613072564646,0.22075269944009257,-2.8807225686015236,0.544784,-0.406778,-2.23225,0.8989185301892961,1042,833.6155760927383,1479.0823459625244
41.32,-5.940020254376332e-05,0.22799254777135505,-2.9765377811504665,0.544781,-0.406765,-2.322246,0.8365214917415883,1042,581.0081295177037,1491.5592670440674
41.42,0.031907389675936655,0.24725917581141088,3.13619246987607,0.544777,-0.406754,-2.412219,0.8311248229531375,1042,732.6366382939982,1469.3336486816406
41.52,0.04067814390010175,0.2470212557090303,3.1021847171506645,0.538067,-0.412423,-2.449596,0.8259917678524419,1042,714.6911239008351,1466.693639755249
41.62,0.03378029167837255,0.24730867713844154,3.1027889155302177,0.526511,-0.422002,-2.449572,0.8311199272395361,1042,715.283271275408,1462.172031402588
41.72,0.027129011748297665,0.24777105991880002,3.101166399680368,0.51496,-0.431576,-2.449567,0.8363560850014485,1042,713.6066725941713,1443.6254501342773
41.82,0.02069770831371248,0.24771986876212843,3.1002866134398825,0.50341,-0.441149,-2.449565,0.8411607901552725,1042,714.7960040087943,1497.0471858978271
41.92,0.013643694334645027,0.248153662866774,3.1006013824292458,0.491861,-0.450721,-2.449565,0.8468279552748472,1042,712.0845443832112,1548.3663082122803
42.02,0.0069937643178590025,0.24847572449483216,3.098909404380192,0.480312,-0.460292,-2.449565,0.8522803761174119,1042,712.8736920120605,1536.5149974822998
42.12,0.0005788025576036785,0.24885241370752711,3.0997175397942773,0.468762,-0.469864,-2.449564,0.8577580018280186,1042,711.4850478248225,1575.8838653564453
42.22,-0.006622066002366609,0.24915524228716332,3.099145246295961,0.457213,-0.479436,-2.449564,0.8637060650423682,1042,711.9069363333291,1494.7974681854248
42.32,-0.013044986330751929,0.24984307439932255,3.0986128104698776,0.445664,-0.489007,-2.449564,0.8696627890052964,1042,710.3140509953633,1476.6407012939453
42.42,-0.01981842913607532,0.25010254046315133,3.0970357339889145,0.434114,-0.498579,-2.449564,0.8755448013960537,1042,709.5177466938775,1456.1982154846191
42.52,-0.026728304629563267,0.25052143695025114,3.0995953109676075,0.422565,-0.50815,-2.449564,0.881729449904625,1042,708.8504813521703,1500.0503063201904
42.62,-0.03349000318301493,0.251046281881023,3.0979901051339325,0.411016,-0.517722,-2.449564,0.8880260458410207,1042,708.1521570242386,1521.7258930206299
42.72,-0.04019663217014571,0.25123490846432,3.0977439719268447,0.399467,-0.527293,-2.449564,0.8940972059630171,1042,707.8734931735543,1473.3102321624756
42.82,0.001345610967292372,0.22909730072524023,2.958527948424947,0.399179,-0.527523,-2.539274,0.8548366422298489,1243,599.4562658438155,1543.093204498291
42.92,0.02936091025004952,0.22889366673352113,2.927620843227881,0.389561,-0.53414,-2.557374,0.8437798772337929,1243,1124.8062181800353,1791.2135124206543
43.02,0.022848754771318893,0.2305460196262415,2.926511945167755,0.377045,-0.542417,-2.557367,0.8502510275464615,1243,1123.3323574596318,1866.9562339782715
43.12,0.015822483025897054,0.23130126606545998,2.928584605037249,0.364531,-0.550692,-2.557365,0.8562190712557175,1243,1123.759210198513,1775.2187252044678
43.22,0.009550613919549748,0.23305074557137326,2.926543523637655,0.352019,-0.558966,-2.557364,0.862887664027026,1243,1122.0498741794236,1781.0356616973877
43.32,0.0027458975284364254,0.23446205096075476,2.927204122603155,0.339507,-0.567239,-2.557364,0.8695588624408596,1243,1123.3815882197666,1843.1825637817383
43.42,-0.003668766880524305,0.23639811118436016,2.9274135597741133,0.326994,-0.575512,-2.557364,0.876661789999133,1243,1123.18183452004,1802.605152130127
43.52,-0.010313902547556876,0.2378868093206121,2.926283984157198,0.314482,-0.583786,-2.557364,0.8835375396034449,1243,1122.2462665722098,1768.5153484344482
43.62,-0.006130066121731831,0.23643265431908184,2.8964506487824577,0.306644,-0.588799,-2.592201,0.8825162319915312,1243,1087.1471797172162,1750.8022785186768
43.72,0.012172034222843594,0.23159155141495077,2.815199804891742,0.304495,-0.590163,-2.664261,0.872200240249875,1243,999.9177422680377,1779.8831462860107
43.82,0.005460878063077431,0.2336499816406408,2.8163850565696187,0.291162,-0.59706,-2.664244,0.8784669627671892,1243,1000.4642550676502,1742.384672164917
43.92,-0.0008918319604203631,0.23623415954962518,2.8158988217724144,0.277836,-0.603954,-2.66424,0.8852148596565372,1243,999.2843167772902,1819.838047027588
44.02,0.005554649156111765,0.23120179923445924,2.768420144925379,0.272074,-0.606731,-2.717881,0.8792974129423697,1243,921.9722091169828,1801.9025325775146
44.12,0.08329320201505809,0.19380929991454632,2.7164409749990495,0.27208,-0.60672,-2.80784,0.8224886717244688,1259,604.3839511250534,1858.8287830352783
44.22,0.11618274335645044,0.18843832443865804,2.624827968872983,0.272082,-0.606709,-2.897791,0.8102862739698655,1259,1106.688376908414,1784.494161605835
44.32,0.12709629451554103,0.1810481182290956,2.554075638678206,0.269775,-0.607123,-2.977185,0.8009812261278187,1259,1030.646235968147,1808.129072189331
44.42,0.12167048586852132,0.18416063500124843,2.5537701798677763,0.254962,-0.609577,-2.977151,0.8048515769735668,1259,1032.2448443911615,1758.223056793213
44.52,0.11644654143406515,0.1880556698161616,2.5554705896744254,0.240159,-0.612034,-2.977143,0.8095975865520862,1259,1028.0334516947014,1784.0287685394287
44.62,0.1112634532554996,0.1919521656306443,2.555465698622877,0.22536,-0.614491,-2.97714,0.8144744326075526,1259,1027.0861947915091,1793.7872409820557
44.72,0.12041549088635249,0.18212261584846465,2.4609376197481145,0.224504,-0.614534,-3.063758,0.8034277698117175,1259,929.2197561048891,1798.3129024505615
44.82,0.12195126129924659,0.18212728021896507,2.43263662217799,0.213312,-0.615202,-3.090747,0.802546425866093,1259,897.9559164395821,1811.751127243042
44.92,0.1170724895426809,0.1869416053104426,2.432666837454632,0.198325,-0.615962,-3.090736,0.8070044422902043,1259,895.1711583195969,1774.611234664917
45.02,0.11128133164356914,0.19118661253410527,2.435182277692966,0.183343,-0.616724,-3.090733,0.8111180197058536,1259,896.443206035694,1756.0489177703857
45.12,0.10676381398583157,0.19552996996990912,2.43641812857307,0.168361,-0.617487,-3.090733,0.8153470468358344,1259,892.0222557504475,1803.722620010376
45.22,0.12358749453579344,0.09515634333415453,2.391546325930345,0.167326,-0.61744,3.10811,0.7139373959903282,1120,640.1622243116776,1890.6166553497314
45.32,0.13654905932969735,0.08103895141662146,2.372244757208581,0.156165,-0.616763,3.080839,0.6980776092450077,1120,1030.5153794828566,1609.5221042633057
45.42,0.13311752162719342,0.0842689781764619,2.3739255907233034,0.141187,-0.615849,3.080849,0.7001644805666066,1120,1028.621498165979,1612.60986328125
45.52,0.12945433138190657,0.08783958496884821,2.373998770695654,0.126213,-0.614938,3.080852,0.7027850597186697,1120,1029.8268376210988,1623.2423782348633
45.62,0.1267463167959123,0.090654067677874,2.3728513324583016,0.11124,-0.614028,3.080853,0.704852652947649,1120,1029.4171693039088,1543.6289310455322
45.72,0.11813890460237804,0.10068372740249461,2.420326658927558,0.101239,-0.613533,3.111461,0.7144166434771091,1120,1045.306703343025,1557.9862594604492
45.82,0.10744335011559124,0.11342484280555108,2.4895187200673807,0.099085,-0.613637,-3.090332,0.727109885285889,1120,1048.1177949725536,1595.6060886383057
45.92,0.10382735233236352,0.11634005088666592,2.491995915548802,0.084094,-0.614414,-3.090346,0.7310204429983782,1120,1049.1444472506591,1613.2092475891113
46.02,0.09993034238201,0.11897631896400489,2.4902412005779078,0.06911,-0.615184,-3.090353,0.7348069593069145,1120,1049.530661948918,1562.6122951507568
46.12,0.09585047280017372,0.12158843966815369,2.489585951286363,0.054129,-0.615952,-3.090355,0.7387195553378217,1120,1048.1286144952003,1571.0957050323486
46.22,0.09209283007472419,0.12471751905683988,2.4902332985009616,0.039148,-0.61672,-3.090355,0.743325466869529,1120,1048.3601271092384,1594.6762561798096
46.32,0.08871616474805301,0.12770234696937743,2.4892439643638973,0.024167,-0.617488,-3.090355,0.7479807804255484,1120,1047.6680837908418,1621.0954189300537
46.42,0.08475649455012507,0.13035220537026568,2.48980222948718,0.009187,-0.618256,-3.090355,0.7524127814266923,1120,1048.1287965479478,1583.0070972442627
46.52,0.08109660873271977,0.1335501694984401,2.490231633522321,-0.005793,-0.619025,-3.090355,0.7575745440887854,1120,1048.0230153177135,1570.6968307495117
46.62,0.0773002840609534,0.1361346007935833,2.487948663548391,-0.020774,-0.619793,-3.090355,0.7622631454003346,1120,1046.8456779930043,1598.0401039123535
46.72,0.0733272073835547,0.1390610963393963,2.4880256681855,-0.035754,-0.620561,-3.090355,0.7674141248708635,1120,1046.5206393965452,1567.7189826965332
46.82,0.06967381662781293,0.14165060806836938,2.4882103567634135,-0.050734,-0.621329,-3.090355,0.7724221155775122,1120,1045.8846648848553,1580.0402164459229
46.92,0.06567939997214618,0.14443570429084943,2.4860646579120314,-0.065715,-0.622098,-3.090355,0.77771357719786,1120,1045.722407874204,1626.0290145874023
47.02,0.062024784129713885,0.1471452801591311,2.4849760486964807,-0.080695,-0.622866,-3.090355,0.7831259849821969,1120,1045.742062956992,1630.6498050689697
47.12,0.05828264446846969,0.14960349078757862,2.4857649206633763,-0.095675,-0.623634,-3.090355,0.788415609592904,1120,1044.8059074493717,1571.0124969482422
47.22,0.054451172078672144,0.15232530903840896,2.4831512043029664,-0.110655,-0.624402,-3.090355,0.7940814571972578,1120,1043.5693998703227,1591.4669036865234
47.32,0.0510795536247131,0.15498368955447428,2.4832598827379946,-0.125636,-0.62517,-3.090355,0.7999175996428306,1120,1043.3290567442261,1598.0370044708252
47.42,0.04705752638592472,0.15766472189895925,2.4835161265555663,-0.140616,-0.625939,-3.090355,0.8057643237821032,1120,1041.0754028427184,1536.6919040679932
47.52,0.04359515994681039,0.1604110161830233,2.4809958680068283,-0.155596,-0.626707,-3.090355,0.811930963568242,1120,1040.4541300248447,1567.026138305664
47.62,0.04010628980254171,0.16305078021943545,2.4809609056245168,-0.170577,-0.627475,-3.090355,0.8181188530975001,1120,1038.8416933722394,1563.1184577941895
47.72,0.036696939599870804,0.1656305488182691,2.4816797922586296,-0.185557,-0.628243,-3.090355,0.8243979774241175,1120,1037.0881678979347,1519.0057754516602
47.82,0.033324754063340484,0.16884466751027566,2.4806279336471104,-0.200537,-0.629012,-3.090355,0.8314244294607808,1120,1033.9827850309887,1459.9554538726807
47.92,0.03200452815847189,0.16869334109793618,2.4634902192665558,-0.213386,-0.629591,-3.100681,0.8351493282952815,1120,1030.0247545466689,1478.5747528076172
48.02,0.04478708392620461,0.1547817753733139,2.3940901788894187,-0.2157,-0.629501,3.098912,0.8264097002332714,1120,984.6971988644143,1390.5093669891357
48.12,0.04248058671816328,0.15708484830878952,2.393162311367694,-0.227241,-0.628979,3.098814,0.8310512065810309,1120,983.6966134473233,1392.0390605926514
48.22,0.0387755721996832,0.1598860188569316,2.392630057595908,-0.242231,-0.628335,3.098819,0.8368136400580928,1120,984.1915353322781,1387.5131607055664
48.32,0.03535394406915591,0.16296098509879528,2.388311415617235,-0.257219,-0.627694,3.098821,0.8430505519023574,1120,986.4089601464759,1439.9142265319824
48.42,0.03198164608350698,0.16660748750314402,2.3858631235062764,-0.272205,-0.627052,3.098821,0.8499558210632397,1120,989.0330249335475,1456.1471939086914
48.52,0.028795227916809173,0.16954559383896592,2.383480864062686,-0.287192,-0.626411,3.098821,0.85638474267252,1120,991.6339054677752,1474.752426147461
48.62,0.02566134772421537,0.1724450662846699,2.3816168062123175,-0.302178,-0.62577,3.098821,0.8629171049180095,1120,993.2893266587186,1486.4721298217773
48.72,0.02172612802020765,0.1758143017572372,2.38149526756589,-0.317164,-0.625128,3.098821,0.8696867767269628,1120,994.348522630074,1560.150146484375
48.82,0.019023274311243545,0.17849188501537705,2.377951913789129,-0.332151,-0.624487,3.098821,0.876412266412655,1120,992.938304934973,1603.6977767944336
48.92,0.015865012767993604,0.18176437812010474,2.3759310997717353,-0.347137,-0.623846,3.098821,0.8836167396606024,1120,993.5888861465662,1581.8631649017334
49.02,0.016845698658395046,0.18209338130779493,2.3507797072015357,-0.360019,-0.623302,3.088889,0.8892067933427024,1120,979.4571782173549,1523.024320602417
49.12,0.06256129976403998,0.1853154871743786,2.2360723284256525,-0.360187,-0.623289,2.996747,0.9124458020243867,1182,597.9218456496501,1490.8180236816406
49.22,0.07005255779860461,0.16368045576493798,2.2430471737887347,-0.371353,-0.621354,2.971114,0.9006208765033429,1182,1076.2185466701958,1541.224479675293
49.32,0.06732025224177768,0.1668835313403693,2.241452407017001,-0.386142,-0.618806,2.971125,0.9071582297846581,1182,1076.7769108983143,1613.4757995605469
49.42,0.0645714257661316,0.17095043417841235,2.2411769001344104,-0.400926,-0.616261,2.971129,0.9145434355437297,1182,1078.7039574645567,1571.225881576538
49.52,0.06225696953684324,0.1746352871689578,2.2346308090373905,-0.41571,-0.613717,2.971129,0.9219282795601621,1182,1078.4687022890848,1599.083662033081
49.62,0.058945359584454946,0.17707341509114805,2.2361499631490056,-0.430492,-0.611172,2.971129,0.9278360649216107,1182,1077.1917987126888,1642.4891948699951
49.72,0.06050839153408249,0.16228101022509855,2.1968201070368805,-0.434336,-0.610544,2.902921,0.9176761238379039,1182,1019.532594623439,1578.5942077636719
49.82,0.0605715354357008,0.15721786720809794,2.181777617411914,-0.442476,-0.608175,2.860931,0.9159055977997763,1182,971.6449661720383,1559.180498123169
49.92,0.05898311817131398,0.16052542751386853,2.173633144887224,-0.456896,-0.604016,2.860942,0.9223095244819695,1182,974.9250604542086,1636.12961769104
50.02,0.05607500507774815,0.16482643289547477,2.1764889281989053,-0.471311,-0.599861,2.860946,0.9289148875866603,1182,980.3224017202444,1626.6372203826904
50.12,0.053064604266037714,0.16786506008684415,2.1766354165274926,-0.485725,-0.595706,2.860947,0.9345239437635081,1182,981.6225937723184,1644.5140838623047
50.22,0.050392080128232576,0.17205034326638624,2.1737651233921227,-0.500138,-0.591552,2.860947,0.9413670420021693,1182,982.813048720063,1658.3127975463867
50.32,0.04917249699264932,0.17632752863194243,2.1701078372775484,-0.514552,-0.587397,2.860947,0.9492420471848569,1182,978.7246479988825,1684.159755706787
50.42,0.08959846460183545,0.1804360414668914,2.0724632435576296,-0.515277,-0.587249,2.773773,0.9773508328994809,1182,729.4068500819948,1677.971363067627
50.52,0.13541744037404202,0.11795472784521238,2.0288261908875724,-0.515257,-0.587246,2.683705,0.9595234723077336,1335,485.02106294561594,1617.279052734375
50.62,0.16968548500586314,0.09726741687416726,1.941050131679939,-0.515241,-0.587242,2.593664,0.9683374575280559,1335,1111.0617911356308,1792.4132347106934
50.72,0.14886510182497334,0.05058381162156917,1.796995024494892,-0.515228,-0.587237,2.50366,0.9207795803714979,1243,748.0307696940889,1826.211929321289
50.82,0.17023025141724013,0.03859430674814782,1.740150100449165,-0.515217,-0.587232,2.413682,0.9281683579467014,1243,1104.0839673993232,1670.384168624878
50.92,0.17964818360369128,0.0336301651655357,1.6444215536758156,-0.515207,-0.587228,2.323719,0.931820040261871,1243,838.6105210871852,1629.789113998413
51.02,0.13841905749925332,-0.043138314753334496,1.5388469839784573,-0.515197,-0.587224,2.233766,0.8504370544086145,1320,568.6440742920782,1638.4742259979248
51.12,0.1354434919519876,-0.07218466833873177,1.298335733567548,-0.515188,-0.587221,2.143822,0.829809472861551,1320,1152.1864961116119,1739.170789718628
51.22,0.10756370662178415,-0.1101416565525944,1.2140745480527617,-0.515178,-0.587218,2.053885,0.784480127628074,1289,751.0910260713139,1709.2506885528564
51.32,0.09403973284503435,-0.12506659779921137,1.022513703662852,-0.515169,-0.587215,1.963953,0.7646675263350695,1289,1128.7018300148654,1665.2932167053223
51.42,0.0931551996105159,-0.12733878892251058,0.9995412836354557,-0.517123,-0.582134,1.908524,0.7611032551098904,1289,1074.8473992286338,1705.4502964019775
51.52,0.09510231639035199,-0.12493784733991208,0.9997168844845689,-0.5221,-0.567971,1.908561,0.7597480330435564,1289,1073.0170391897059,1859.602928161621
51.62,0.09676566405161753,-0.1227142724670945,0.995886085050583,-0.527073,-0.553815,1.908567,0.7583023909002974,1289,1072.3246611916873,1795.0470447540283
51.72,0.09885745235506062,-0.1212229121403511,0.989582250583172,-0.532045,-0.539662,1.908569,0.7570529536541314,1289,1063.0251906363592,1799.297571182251
51.82,0.10061296810122865,-0.1187429748216366,0.9892279131078074,-0.537017,-0.525509,1.90857,0.7563270294391037,1289,1063.4801247632536,1804.0897846221924
51.92,0.10084455092149837,-0.11717466420639013,0.9819396597336183,-0.541055,-0.513685,1.892752,0.7544902119076048,1289,1044.0981908484614,1858.534812927246
52.02,0.06395590297473322,-0.17353913001063695,0.8277038250966402,-0.541023,-0.513606,1.80171,0.6940064474548302,1320,706.7265923583495,1967.6072597503662
52.12,0.06416313618087191,-0.1760640421342313,0.7826890581108549,-0.54262,-0.505383,1.758602,0.6903888399759156,1320,1204.6896712004934,1843.4271812438965
52.22,0.06625905031304163,-0.17354933292453903,0.7838913816407256,-0.54542,-0.490638,1.758618,0.6889822083185871,1320,1204.7202346979775,1898.6117839813232
52.32,0.06682506150904756,-0.1730675918559533,0.7719017307445571,-0.547741,-0.478188,1.745548,0.686141317386391,1320,1191.0959975418095,1943.3798789978027
52.42,0.04760437135593762,-0.16080335337235024,0.7162505931124059,-0.547702,-0.478026,1.653583,0.6745516164908542,1320,911.0958264663693,1933.7458610534668
52.52,0.04451915148354705,-0.15601138489980307,0.7397441737506669,-0.547857,-0.472879,1.590022,0.6717995164822201,1320,836.8729882893625,1909.6035957336426
52.62,0.04682018978112279,-0.15440138067840137,0.7389513100588567,-0.548141,-0.45787,1.590043,0.6678862330208092,1320,838.7060920676306,1908.7560176849365
52.72,0.04913995277627662,-0.15187568860095355,0.7461873800130799,-0.548429,-0.442869,1.590052,0.6646546175278695,1320,834.3057632889842,1919.452428817749
52.82,0.050954408403923554,-0.15017656438241975,0.7431637484271901,-0.548719,-0.427871,1.590054,0.6608497532115338,1320,833.8109753882554,1846.9200134277344
52.92,0.052824783729186545,-0.14766618990807875,0.7439790712338165,-0.549008,-0.412873,1.590054,0.6576757192495054,1320,831.2161190620956,1888.9977931976318
53.02,0.05506686117890164,-0.14561126134777028,0.744278960089114,-0.549297,-0.397876,1.590054,0.6548993625484366,1320,832.492238109842,1958.0698013305664
53.12,0.057010587425719475,-0.1436820492925186,0.7436640666294038,-0.549586,-0.382879,1.590054,0.6520541397033577,1320,830.6034728404762,1914.3381118774414
53.22,0.05967246960567841,-0.14165679559467523,0.7485628825002635,-0.549875,-0.367882,1.590054,0.6501737927746061,1320,829.3679521961569,1899.810791015625
53.32,0.06241311057053614,-0.139589800546174,0.752668824792146,-0.550164,-0.352884,1.590054,0.6486486968425939,1320,826.8203714652823,1860.5051040649414
53.42,0.06429568192472081,-0.13781468954989037,0.7522047148991337,-0.550452,-0.337887,1.590054,0.646485608378611,1320,825.4607058337419,1880.0904750823975
53.52,0.060325624975554784,-0.14392075665869558,0.6330470911959689,-0.55055,-0.330777,1.542365,0.6388147500370506,1136,765.3634534983257,1882.951021194458
53.62,0.055132592815377385,-0.14186931913768433,0.6564953241401276,-0.549949,-0.322605,1.497306,0.6314975220068239,1136,997.69151387414,1605.4260730743408
53.72,0.05746558143161152,-0.14023585882866485,0.6528388745965901,-0.548842,-0.30764,1.497315,0.6289936643423069,1136,996.0185944356624,1596.182107925415
53.82,0.0599778469593885,-0.13825667417139043,0.655925874628735,-0.54774,-0.292678,1.497318,0.6270302443930598,1136,995.1620625734356,1602.0197868347168
53.92,0.06241239045786472,-0.13589326634370183,0.6568174538483276,-0.546639,-0.277718,1.497319,0.6253461851609381,1136,993.8498214361472,1648.6315727233887
54.02,0.01441822130561023,-0.12054366068451784,0.43591998065443316,-0.546574,-0.276701,1.412754,0.5823206908461122,1274,597.9606578660288,1624.2575645446777
54.12,0.01792011202329831,-0.1173497638872021,0.35489090014026675,-0.546569,-0.276727,1.322609,0.5865569545950388,1274,973.6387960238059,1798.907995223999
54.22,0.020114410480083476,-0.11639145117539292,0.35845985777577477,-0.542913,-0.262739,1.316285,0.5817365984695128,1274,970.6532287997785,1803.5612106323242
54.32,0.02169538433719645,-0.1160338388655913,0.35078017953079466,-0.539134,-0.248217,1.316298,0.576196135377116,1274,969.2433660108256,1774.9993801116943
54.42,0.023848898782395683,-0.11544648262507068,0.3518138987720717,-0.535358,-0.233699,1.316302,0.5715732792139014,1274,966.8973858582847,1846.5256690979004
54.52,0.025929527050857503,-0.11478541053873269,0.3505947078802298,-0.531582,-0.219181,1.316302,0.5672015002567822,1274,967.2246355621181,1800.1775741577148
54.62,0.01986167710856773,-0.1142960412848971,0.29067075071817794,-0.529928,-0.212606,1.265323,0.5585101046872011,1274,930.8687655383399,1782.5548648834229
54.72,0.008859839114068931,-0.1084766849214708,0.2132774289470416,-0.529926,-0.212626,1.17528,0.5487597473040257,1274,857.0074705642724,1783.2117080688477
54.82,0.008567257696300574,-0.10278019206458229,0.20868618800930544,-0.526279,-0.204784,1.135254,0.5444862681510556,1274,817.2308058041041,1835.8409404754639
54.92,0.010277001809914015,-0.10219764803409417,0.20339589213896378,-0.519947,-0.191177,1.135271,0.5376381842573984,1274,813.9149933248401,1806.349515914917
55.02,0.009280547688456925,-0.09857574429789281,0.18214390976095265,-0.517182,-0.185241,1.082601,0.5335481990078613,1274,769.1219821357105,1812.5770092010498
55.12,0.038089084352826895,-0.05709700374966217,0.5542073011289708,-0.517182,-0.185258,0.992599,0.5698694745976866,1166,620.7600539450953,1791.1467552185059
55.22,0.028877477697134238,-0.05564835839078282,0.5463624000645408,-0.517179,-0.185272,0.902586,0.5612307594020802,1166,824.8978622521977,1652.0462036132812
55.32,-0.0032883127049456746,-0.03684067381908584,0.3496183876008919,-0.517175,-0.185284,0.812599,0.5348971382113932,1058,682.6015175277228,1719.470500946045
55.42,-0.012396990005868599,-0.03623807937860155,0.24704411702078863,-0.515109,-0.183406,0.738279,0.5238108073077206,1058,936.0185355120954,1632.6775550842285
55.52,-0.01021306449505271,-0.035203207199169986,0.2448301805615111,-0.504004,-0.1733,0.738315,0.5127379566296281,1058,933.8716604396967,1575.5946636199951
55.62,-0.008299656910440349,-0.034921084369722744,0.24088385941650728,-0.492907,-0.163201,0.738325,0.5012983280746438,1058,934.0817221733188,1561.1083507537842
55.72,-0.005729356844014774,-0.03425341187359567,0.24776152717051075,-0.481812,-0.153103,0.738327,0.4906932929154475,1058,931.658090284222,1623.999834060669
55.82,-0.0035796872456792896,-0.0339529648224953,0.24166145780482615,-0.470718,-0.143007,0.738328,0.47969884910373717,1058,931.4079579058541,1599.595546722412
55.92,-0.0017107642244755228,-0.03367900255029688,0.23900693577857887,-0.459624,-0.132911,0.738329,0.46854190934885315,1058,930.9787129938517,1514.847755432129
56.02,0.0005699008027873452,-0.03258979230693536,0.2435857455959752,-0.44853,-0.122815,0.738329,0.45807347555204514,1058,927.9547954414754,1628.5936832427979
56.12,-0.005319459316077194,-0.026994892066217715,0.16390994343370266,-0.448261,-0.122578,0.648569,0.45313721871606216,1058,845.9637650724442,1502.5906562805176
56.22,-0.008545229678255302,-0.02186841421152055,0.10707401564403134,-0.448263,-0.122592,0.558589,0.4511063713480622,1058,780.2323199857789,1532.1030616760254
56.32,-0.04465541502025093,-0.01745792694229683,-0.3351727588002092,-0.448261,-0.122604,0.468626,0.4170769292424376,1213,529.8329382752614,1541.3217544555664
56.42,-0.04033553157752982,-0.008550498363982391,-0.31484538877949375,-0.448259,-0.122614,0.378683,0.42357058266042014,1213,891.1304561400824,1691.6155815124512
56.52,-0.039517356555671096,-0.008355604849358626,-0.3913951659004814,-0.448258,-0.122624,0.288752,0.4244127469028082,1213,830.9481020611172,1692.0928955078125
56.62,-0.037691593670579206,-0.008697895256494005,-0.39354815123476217,-0.434442,-0.118459,0.285302,0.41165323396892606,1213,827.257758473737,1696.382999420166
56.72,-0.035947077455240374,-0.009776986797586727,-0.3889989854496089,-0.420043,-0.114234,0.285314,0.3980464110159507,1213,827.4355304908048,1710.1216316223145
56.82,-0.03426609958989988,-0.010637301632425069,-0.38785194634779074,-0.405647,-0.11001,0.285318,0.38444597327878166,1213,826.8496282479618,1769.0579891204834
56.92,-0.032757177892420684,-0.011197832629193905,-0.39120309363780953,-0.391253,-0.105788,0.285319,0.37076482334739674,1213,824.384478403645,1735.595703125
57.02,-0.026951365866385416,-0.032687624113907625,-0.3130261327119502,-0.390616,-0.105746,0.197378,0.3709305762627952,1151,542.5333570083833,1765.540361404419
57.12,-0.014996924561174987,-0.0302294864725546,-0.4955794185922525,-0.390621,-0.105756,0.107427,0.38314188011085853,1151,1006.4530434241573,1626.1067390441895
57.22,-0.010812449499551405,-0.03170344045700301,-0.5671821303422271,-0.388462,-0.105634,0.026017,0.3848180227426094,1151,950.358687095194,1647.0491886138916
57.32,-0.01011660197606696,-0.03275784284501351,-0.5668065217779372,-0.373453,-0.10525,0.026043,0.3704975721620712,1151,951.5193691696064,1615.2052879333496
57.42,-0.00905486304329047,-0.03387675431881657,-0.5579708736207686,-0.358454,-0.104859,0.026057,0.3565364442915161,1151,951.1023873169652,1621.1957931518555
57.52,-0.00813361881723784,-0.034682672842945114,-0.5551402869668887,-0.343457,-0.104467,0.026061,0.34250784266145334,1151,951.0600195046798,1619.0261840820312
57.62,-0.006740106255900721,-0.03500801053741677,-0.5565914012707512,-0.328462,-0.104076,0.026062,0.32905222090527364,1151,947.3868838769106,1728.919506072998
57.72,-0.006581573030790966,-0.034902273778827035,-0.5588006119500386,-0.324954,-0.103997,0.025798,0.3257837986239389,1151,949.9711170935825,1668.4722900390625
57.82,-0.006181410390506436,-0.035302513563922625,-0.5601281336631668,-0.324954,-0.103997,0.025798,0.3260903193182205,1151,948.4918619227476,1684.5190525054932
57.92,-0.006359821470328162,-0.035116089266791564,-0.5592566609125096,-0.324954,-0.103997,0.025798,0.3259552583659798,1151,947.7444408139585,1662.3079776763916
58.02,-0.006432708759205555,-0.03567563847387452,-0.559637835934844,-0.324954,-0.103997,0.025798,0.3257662066797085,1151,947.3179213722501,1810.1000785827637
58.12,-0.006541140927845088,-0.036181611846150805,-0.5522173927610344,-0.324954,-0.103997,0.025798,0.3255544127990915,1151,948.620174068619,1658.5240364074707
58.22,-0.00607514288515563,-0.036666153733382466,-0.5570700635692266,-0.324954,-0.103997,0.025798,0.3259097549534966,1151,945.1374257879631,1717.3612117767334
58.32,-0.006379457087457736,-0.036482910837496677,-0.5576190440606618,-0.324954,-0.103997,0.025798,0.32564995259845764,1151,943.5034446997803,1679.2058944702148
58.42,-0.006493709035394234,-0.03591047682626871,-0.5636032403027182,-0.324954,-0.103997,0.025798,0.325657383701258,1151,945.0401556464554,1689.7714138031006
58.52,-0.006616726915850734,-0.035037154434479176,-0.5731084533030819,-0.324954,-0.103997,0.025798,0.3257208616823195,1151,944.8174156723447,1722.297191619873
58.62,-0.00624921720077006,-0.03521118862529805,-0.5763834234523713,-0.324954,-0.103997,0.025798,0.3260432891896112,1151,942.6877324469959,1731.1017513275146
58.72,-0.005903845263608039,-0.03460381284927217,-0.5864490180511915,-0.324954,-0.103997,0.025798,0.3265094419159293,1151,943.6412990465558,1685.6517791748047
58.82,-0.005350616175250202,-0.03500671389319464,-0.5896378973047331,-0.324954,-0.103997,0.025798,0.326964803196505,1151,942.4834601299533,1725.2228260040283
58.92,-0.0058083922651213475,-0.03512269901761574,-0.5996782007219329,-0.324954,-0.103997,0.025798,0.32649286098210034,1151,941.8151445715656,1767.0691013336182
59.02,-0.005820453062321456,-0.03464734419571233,-0.6103716267138213,-0.324954,-0.103997,0.025798,0.3265816828010975,1151,942.0760045916876,1696.997880935669
59.12,-0.00569266304000117,-0.03520525818600224,-0.6093978100975754,-0.324954,-0.103997,0.025798,0.3265885867866323,1151,942.3901513298276,1655.4069519042969
59.22,-0.005655008522086202,-0.03485092772995298,-0.6198240496760051,-0.324954,-0.103997,0.025798,0.3267002070234842,1151,942.1639682471489,1672.9159355163574
59.32,-0.006285589100442784,-0.034713260668348775,-0.6263740021220441,-0.324954,-0.103997,0.025798,0.3261131592576804,1151,941.4656508774511,1804.0764331817627
59.42,-0.005657160246075603,-0.034970231202600816,-0.6281551587921761,-0.324954,-0.103997,0.025798,0.3266728741224972,1151,942.5648003289971,1934.709072113037
59.52,-0.0059899235784655145,-0.03451144617295262,-0.626633715267557,-0.324954,-0.103997,0.025798,0.326444978883263,1151,939.9422136006289,1752.2609233856201
59.62,-0.005546018852405097,-0.03465519170985145,-0.6233375206791788,-0.324954,-0.103997,0.025798,0.3268481984006185,1151,940.8799765356756,1693.8955783843994
59.72,-0.0062619836378274485,-0.034881504966827,-0.6152823644694811,-0.324954,-0.103997,0.025798,0.3261005258301002,1151,940.6804645433009,1723.6747741699219
