timestamp,x_est,y_est,theta_est,x_gt,y_gt,theta_gt,error,n_particles,update_time_ms
0.12,-0.4622374651145014,-0.48775725665103725,0.16092502284595117,-0.4588,-0.55,0.0,0.062337591114978656,1000,142.03906059265137
0.22,-0.4689890654200745,-0.3702857794332296,0.3666567639107229,-0.4588,-0.55,0.0,0.18000282811127266,1000,270.003080368042
0.32,-0.46542845557719814,-0.31063570845250355,0.38381326079788414,-0.4588,-0.55,0.0,0.2394560512732426,1000,278.61952781677246
0.42,-0.46246178818628053,-0.2879045966429165,0.3737451600327018,-0.4588,-0.55,0.0,0.262120981902696,1000,305.9971332550049
0.52,-0.4596779206046456,-0.2777207322491278,0.3669518692357788,-0.4588,-0.55,0.0,0.27228068310392356,1000,320.51610946655273
0.62,-0.4580813712203799,-0.2722855782883749,0.3618110032032917,-0.4588,-0.55,0.0,0.2777153514913161,1000,301.0995388031006
0.72,-0.4574699819330102,-0.2682374562509245,0.35890653858820915,-0.4588,-0.55,0.0,0.281765682807556,1000,311.0032081604004
0.82,-0.455920227143552,-0.2637250185883796,0.3548533533383347,-0.4588,-0.55,0.0,0.2862894655308301,1000,308.99691581726074
0.92,-0.45498299748062876,-0.260342288929438,0.3518093496013659,-0.4588,-0.55,0.0,0.2896828595047869,1000,297.4894046783447
1.02,-0.45474402070371456,-0.25956970438103016,0.351089356916476,-0.4588,-0.55,0.0,0.29045861595307193,1000,287.0018482208252
1.12,-0.4545647881210289,-0.25899026596972435,0.3505494235873391,-0.4588,-0.55,0.0,0.2910405509890874,1000,271.51966094970703
1.22,-0.454539028110086,-0.25890698680480306,0.3504718265792565,-0.4588,-0.55,0.0,0.29112419722947414,1758,293.0009365081787
1.32,-0.4545647881210289,-0.25899026596972435,0.35054942358733915,-0.4588,-0.55,0.0,0.2910405509890874,1000,502.99596786499023
1.42,-0.4545647881210289,-0.25899026596972435,0.35054942358733915,-0.4588,-0.55,0.0,0.2910405509890874,1000,280.0009250640869
1.52,-0.4545368905122232,-0.2589000761956779,0.35046538753162954,-0.4588,-0.55,0.0,0.29113113839194005,1876,310.51182746887207
1.62,-0.4545647881210289,-0.25899026596972435,0.35054942358733915,-0.4588,-0.55,0.0,0.2910405509890874,1000,543.7958240509033
1.72,-0.4545647881210289,-0.25899026596972435,0.35054942358733904,-0.4588,-0.55,0.0,0.2910405509890874,1000,296.9999313354492
1.82,-0.4545357607361542,-0.2588964237591574,0.3504619843306222,-0.4588,-0.55,0.0,0.29113480698244826,1945,321.0005760192871
1.92,-0.4545446358381503,-0.25892511594733136,0.35048871867327136,-0.4588,-0.55,0.0,0.2911059880016632,1509,566.0572052001953
2.02,-0.45456130023022484,-0.25897899001821595,0.35053891693277806,-0.4588,-0.55,0.0,0.2910518765212758,1062,428.50661277770996
2.12,-0.45454336605267537,-0.2589210108763014,0.35048489370869906,-0.4588,-0.55,0.0,0.29111011119821273,1559,331.06374740600586
2.22,-0.4545647881210289,-0.25899026596972435,0.35054942358733915,-0.4588,-0.55,0.0,0.2910405509890874,1000,434.6282482147217
2.32,-0.4545490705990282,-0.2589394530213485,0.350502077488514,-0.4588,-0.55,0.0,0.2910915876632024,1357,294.9659824371338
2.42,-0.4545432435394952,-0.258920614805192,0.3504845246633326,-0.4588,-0.55,0.0,0.2911105090183992,1564,419.7206497192383
2.52,-0.45452729502332656,-0.258869055079225,0.35043648330577054,-0.4588,-0.55,0.0,0.2911622968350831,2685,506.5133571624756
2.62,-0.4545228886682214,-0.2588548098377196,0.35042321021474593,-0.4588,-0.55,0.0,0.29117660523464944,3348,907.5431823730469
2.72,-0.45451712322206383,-0.2588361708105901,0.35040584323530616,-0.4588,-0.55,0.0,0.29119532699158285,4946,1278.3000469207764
2.82,-0.45462453231525746,-0.25918341210682627,0.35072939551386506,-0.4588,-0.55,0.0,0.29084656147909743,1000,1451.0927200317383
2.92,-0.45462453231525746,-0.25918341210682627,0.35072939551386506,-0.4588,-0.55,0.0,0.29084656147909743,1000,294.0387725830078
3.02,-0.45453874059584143,-0.25890605730419175,0.350470960504832,-0.4588,-0.55,0.0,0.2911251308387856,1773,303.00140380859375
3.12,-0.45455686022708847,-0.2589646359966329,0.35052554223707694,-0.4588,-0.55,0.0,0.29106629371279813,1153,506.5896511077881
3.22,-0.4545647881210289,-0.25899026596972435,0.35054942358733915,-0.4588,-0.55,0.0,0.2910405509890874,1000,336.00330352783203
3.32,-0.4545647881210289,-0.25899026596972435,0.35054942358733915,-0.4588,-0.55,0.0,0.2910405509890874,1000,300.9984493255615
3.42,-0.4405557844910511,-0.2540370121183608,0.35075819909837036,-0.444378,-0.550001,-7.6e-05,0.29598866778003496,1000,289.9656295776367
3.52,-0.4263011003685332,-0.2486889644614549,0.3506269420744038,-0.429377,-0.550002,-7.6e-05,0.301328735012105,5000,385.1327896118164
3.62,-0.4122610749326701,-0.24348916557499592,0.35054392003518636,-0.414377,-0.550003,-7.6e-05,0.3065211376606993,5000,1932.1446418762207
3.72,-0.3979322383425523,-0.23815209641891827,0.35048140724818266,-0.399377,-0.550004,-7.6e-05,0.3118552502418248,5000,1898.1454372406006
3.82,-0.3893405276052939,-0.2349796495962797,0.350419331176994,-0.389867,-0.550005,-3e-06,0.31502579032544165,5000,1893.33176612854
3.92,-0.38930201531100356,-0.2349668068008596,0.3504027302831613,-0.389868,-0.550005,-3e-06,0.3150387016111625,5000,1800.2333641052246
4.02,-0.3892763076429957,-0.23495738521606493,0.35040971862393044,-0.389868,-0.550005,-3e-06,0.31504817041349736,5000,1884.9430084228516
4.12,-0.38926128191248627,-0.23495328967889906,0.35038863746229454,-0.389868,-0.550005,-3e-06,0.31505229452122485,5000,2100.4693508148193
4.22,-0.38359925770789177,-0.23288483885048084,0.3503626969206886,-0.384446,-0.550005,-7.8e-05,0.31712129159046737,5000,2053.8179874420166
4.32,-0.3695751343626004,-0.22776084215545728,0.3503349983540386,-0.369445,-0.550007,-7.8e-05,0.32224618412096406,5000,1863.4328842163086
4.42,-0.35557302057722273,-0.22264290842832496,0.3503613901327161,-0.354445,-0.550008,-7.8e-05,0.3273670350083433,5000,1916.6710376739502
4.52,-0.34135481541188284,-0.21744509558901745,0.35039321105419163,-0.339445,-0.550009,-7.8e-05,0.33256938811620135,5000,2022.8304862976074
4.62,-0.3273621407214669,-0.21233430031839143,0.3503770987363629,-0.324445,-0.55001,-7.8e-05,0.33768829986461296,5000,2010.0853443145752
4.72,-0.3133590216229488,-0.20721880561581518,0.35034182907871064,-0.309445,-0.550011,-7.8e-05,0.34281453892154234,5000,1951.979398727417
4.82,-0.2991625332621481,-0.2020249839588389,0.35036316455000194,-0.294445,-0.550013,-7.8e-05,0.3480199914205258,5000,1907.2282314300537
4.92,-0.2849647062141174,-0.19683653582455607,0.350353706466601,-0.279445,-0.550014,-7.8e-05,0.35322059447049114,5000,1978.731393814087
5.02,-0.27040013033833915,-0.1915095588319658,0.3503825705118383,-0.264445,-0.550015,-7.8e-05,0.35855489806225416,5000,1920.766830444336
5.12,-0.25616931281950367,-0.18630815668658504,0.35039606833594217,-0.249445,-0.550016,-7.8e-05,0.36376999831018236,5000,1923.99263381958
5.22,-0.2422781525688263,-0.18122174360619184,0.35041975663357183,-0.234445,-0.550017,-7.8e-05,0.36887843447095303,5000,1919.1803932189941
5.32,-0.2283168557998751,-0.17612083919489482,0.3504078059117919,-0.219445,-0.550018,-7.8e-05,0.374002401975512,5000,1905.825138092041
5.42,-0.21410116662971773,-0.17092728249842498,0.3504036595732854,-0.204445,-0.55002,-7.8e-05,0.37921567744056917,5000,1921.656847000122
5.52,-0.20025456937212902,-0.16584798624589822,0.3504667386567672,-0.189445,-0.550021,-7.8e-05,0.38432505940534256,5000,1932.5530529022217
5.62,-0.1862811582810148,-0.1607492606982421,0.3504331763924672,-0.174445,-0.550022,-7.8e-05,0.3894526418017312,5000,1889.685869216919
5.72,-0.17199307382252638,-0.15552718155746778,0.35045111722995864,-0.159445,-0.550023,-7.8e-05,0.39469533177540744,5000,1879.2235851287842
5.82,-0.15804409939945013,-0.1504286470341905,0.3504690261243763,-0.144445,-0.550024,-7.8e-05,0.39982668947475974,5000,1942.746639251709
5.92,-0.14340524588197667,-0.14506589483994312,0.35054277239814285,-0.129445,-0.550025,-7.8e-05,0.405199661052572,5000,1882.7698230743408
6.02,-0.12818854010247777,-0.13947521181394212,0.3506135759056589,-0.114445,-0.550027,-7.8e-05,0.41078176161718544,5000,1857.151985168457
6.12,-0.11420192693801419,-0.13434516778876351,0.3506938763136973,-0.099445,-0.550028,-7.8e-05,0.4159446884957288,5000,1860.321044921875
6.22,-0.10018429496683123,-0.1292120190034781,0.35070355851832147,-0.084445,-0.550029,-7.8e-05,0.42111121678373753,5000,1852.3445129394531
6.32,-0.0859028119174377,-0.12398629539009046,0.3506797431861252,-0.069445,-0.55003,-7.8e-05,0.42636146379667766,5000,1883.2178115844727
6.42,-0.07191946801203164,-0.11889140787223816,0.35062311531059737,-0.054445,-0.550031,-7.8e-05,0.4314935746131064,5000,1830.4474353790283
6.52,-0.05795334106881427,-0.11378524154764508,0.35056353389445905,-0.039445,-0.550032,-7.8e-05,0.4366392022589209,5000,1814.4965171813965
6.62,-0.043839201919260835,-0.10863021639599124,0.3504944906074944,-0.024445,-0.550034,-7.8e-05,0.44182964505340705,5000,1918.5893535614014
6.72,-0.029918345687476446,-0.10353620868947835,0.35052660798130425,-0.009445,-0.550035,-7.8e-05,0.4469679278487392,5000,1854.0711402893066
6.82,-0.024791981278328247,-0.10163251031071321,0.4102052435628443,-0.0023,-0.550032,0.047227,0.4489632407841843,1000,1429.2902946472168
6.92,-0.1540818469387322,0.02089516276067215,0.5185258440117254,-0.002316,-0.550027,0.137231,0.5907495139467778,1000,292.62447357177734
7.02,-0.21359421032973272,0.06468654528543112,0.6049060856632166,-0.002338,-0.550023,0.209435,0.64999770112509,1000,283.51497650146484
7.12,-0.23495804236418677,0.08948241919759863,0.6072662893856832,-0.002325,-0.550021,0.209411,0.6805018409710858,1000,278.99980545043945
7.22,-0.22842356367033922,0.11635787179989532,0.6196826220353098,0.01184,-0.546902,0.209452,0.7054362037545172,1000,278.0001163482666
7.32,-0.22775570000687728,0.1381818240723329,0.6394487566366657,0.026514,-0.543783,0.20945,0.7278249113719559,1000,277.4474620819092
7.42,-0.22742628609986187,0.1488750624890753,0.6494691733287615,0.041187,-0.540665,0.209449,0.7400125642492863,1000,280.52616119384766
7.52,-0.22953446253030707,0.1493760835496012,0.7180138087806288,0.047888,-0.539285,0.260167,0.7424401058079301,1000,277.0042419433594
7.62,-0.294866685623765,0.11188654812478531,0.8359693466455895,0.047863,-0.539282,0.350255,0.7358560426297427,1000,275.0387191772461
7.72,-0.33013045295001,0.07956388408242127,0.9520820271879371,0.047844,-0.539277,0.440339,0.7251404876951584,1000,279.95991706848145
7.82,-0.3820962233262538,0.020130216587376643,1.0589481181836633,0.047829,-0.539272,0.530376,0.7055257171606145,1000,274.5375633239746
7.92,-0.3887041054332561,-0.0016493787286337865,1.1415237700826606,0.047817,-0.539267,0.620376,0.6925195897519102,1000,282.5198173522949
8.02,-0.41319486329352434,-0.02079376604941447,1.200003392806152,0.047813,-0.539261,0.692353,0.693784204705492,1000,280.5333137512207
8.12,-0.4081578843007616,-0.007648513924091213,1.1829921042042397,0.059368,-0.529679,0.69234,0.7007826202781136,1000,283.00023078918457
8.22,-0.40312118602527036,0.005381656167976476,1.1595922189493229,0.07092,-0.520102,0.692328,0.7077062377483394,1000,279.00028228759766
8.32,-0.3962113096921705,0.008987747459366717,1.1828881759807293,0.078136,-0.514116,0.728137,0.7061465151214957,1000,278.5301208496094
8.42,-0.40528647022615366,-0.010390808247763403,1.2684162548546185,0.078121,-0.514121,0.818104,0.6981596438875529,1000,277.5590419769287
8.52,-0.405801891775464,-0.013535611106026198,1.2743040732435067,0.086017,-0.505345,0.838407,0.6955302274606832,1000,284.9602699279785
8.62,-0.40746300793335755,-0.02131359631765945,1.3166224157650401,0.090278,-0.500601,0.892354,0.6909866325096843,1000,282.0000648498535
8.72,-0.40687797106012713,-0.03883774205922039,1.3836885986272693,0.091975,-0.498513,0.964436,0.6783477201984527,1000,275.9997844696045
8.82,-0.40015606249110897,-0.03381895232106259,1.3740940260216303,0.100531,-0.486178,0.964412,0.6747712520276563,1000,292.00005531311035
8.92,-0.3414744628954889,-0.055707600149128136,1.465671956286668,0.100572,-0.48586,1.053292,0.6167950733070727,1000,278.63049507141113
9.02,-0.31343692855387273,-0.2606468464488405,1.5820032333515552,0.100561,-0.485863,1.143257,0.47129247889954384,1000,282.0417881011963
9.12,-0.27170058280009163,-0.30535452147870484,1.6825064727171668,0.10055,-0.485862,1.233207,0.41370695691168125,1000,272.95613288879395
9.22,-0.2189907870592248,-0.34381088684963546,1.768936328766475,0.10054,-0.485861,1.32314,0.3496829399966762,1000,280.0414562225342
9.32,-0.1737913779487435,-0.3743193426252946,1.8195306172824472,0.101571,-0.480581,1.384191,0.29515416144382234,1000,286.00049018859863
9.42,-0.15559917592588537,-0.3833068723609308,1.8026011367326398,0.104355,-0.465829,1.384154,0.272738107222634,1000,293.9579486846924
9.52,-0.13800015178982064,-0.3924212347652996,1.8085844393145154,0.10714,-0.451085,1.384148,0.25206176102504785,1000,281.6464900970459
9.62,-0.11353950284501668,-0.38926851812682906,1.806144208960919,0.109924,-0.436344,1.384145,0.2283682072823536,1000,277.557373046875
9.72,-0.08869045174028599,-0.39060178541050367,1.8838349345454364,0.110524,-0.432575,1.453244,0.20358818365798798,1000,280.0002098083496
9.82,-0.035787893685400564,-0.3802848311816695,1.9727761488249487,0.110517,-0.432582,1.543191,0.155370897476681,1000,279.00075912475586
9.92,-0.0006116635315083132,-0.36632300756348324,2.0588168034712164,0.110408,-0.430416,1.624495,0.12819234520873982,1000,280.0002098083496
10.02,0.023150432192011513,-0.35396922807437364,2.064929831126309,0.109596,-0.415424,1.624469,0.10606377886006273,1000,280.5190086364746
10.12,0.025591687300143558,-0.33598602937627303,2.059803852961247,0.10879,-0.400441,1.624455,0.1052444890443609,1000,285.51387786865234
10.22,0.022067576055779237,-0.319945716977351,2.0357359188382462,0.107986,-0.385461,1.624451,0.10804734093255902,1000,288.9995574951172
10.32,0.025642647555900025,-0.3014471759818864,2.018265941813064,0.107182,-0.370482,1.624451,0.10683853670008336,1000,285.53199768066406
10.42,0.029179464821941562,-0.28890887290668543,2.013472537369875,0.106377,-0.355504,1.624451,0.10195278510243008,1000,307.9972267150879
10.52,0.021302465244414745,-0.2797034163247573,2.0021236646402554,0.105573,-0.340525,1.624451,0.10392683998254182,1000,281.0986042022705
10.62,0.0225647399524744,-0.26503417392635414,2.0186169984417357,0.104769,-0.325547,1.624451,0.10207518057481223,1000,285.5379581451416
10.72,0.021401933136546373,-0.2534171208446174,2.0202358655234125,0.103964,-0.310568,1.624451,0.10041273760334657,1000,279.53195571899414
10.82,0.02214322774334942,-0.23855470045490262,2.019798786210589,0.10316,-0.29559,1.624451,0.09907947709331623,1000,285.0003242492676
10.92,0.025771053727200212,-0.23201025632623049,2.0232087199489075,0.102355,-0.280611,1.624451,0.09070354520281185,1000,275.9990692138672
11.02,0.02370296228030089,-0.21761565459274698,2.0155870149742685,0.101551,-0.265633,1.624451,0.09146574460838953,1000,284.212589263916
11.12,0.023668337628764885,-0.20378234176318435,2.012942163350846,0.100746,-0.250655,1.624451,0.0902109313043571,1000,297.00350761413574
11.22,0.019198682137958847,-0.19676147177637313,1.9964668360855602,0.099942,-0.235676,1.624451,0.0896316009353736,1000,276.965856552124
11.32,0.018013922399028076,-0.18192660952299075,2.007857080986153,0.099138,-0.220698,1.624451,0.08991293948108492,1000,281.00013732910156
11.42,0.013220788482958799,-0.17161412039297388,1.9964407299326192,0.098333,-0.205719,1.624451,0.09169095572809408,1000,283.59031677246094
11.52,0.01776612230390337,-0.15598142993786152,1.9838976047194974,0.097726,-0.192877,1.614062,0.08806171206253544,1000,296.5130805969238
11.62,0.019602029542485064,-0.15053362392217032,1.8993953607417426,0.097838,-0.187589,1.548129,0.086567707430072,1000,283.56409072875977
11.72,0.015597408363407771,-0.13814404463193763,1.8831266875032648,0.098185,-0.172585,1.548138,0.08948122539950702,1000,290.9994125366211
11.82,0.00828565777101976,-0.12490108780541614,1.871719501570235,0.098526,-0.157587,1.548141,0.09597754019350319,1000,282.96422958374023
11.92,0.002208953370968609,-0.11222526055731938,1.8557938395323137,0.098866,-0.14259,1.548142,0.10131437244768697,1000,286.53764724731445
12.02,-0.0023789188178944777,-0.10126637084581645,1.8544163326582201,0.099206,-0.127593,1.548143,0.10494087446681642,1000,278.5210609436035
12.12,-0.0050125695774264735,-0.0905714376929861,1.8465203931588523,0.099545,-0.112597,1.548142,0.10685228472465401,1000,286.9997024536133
12.22,-0.007036696350758965,-0.07623779486361051,1.832647590542002,0.099885,-0.097601,1.548142,0.10903502044858505,1000,277.61220932006836
12.32,-0.007435450310829398,-0.06233907015489344,1.837222962474619,0.100225,-0.082605,1.548142,0.10955126869925946,1000,282.99498558044434
12.42,-0.011573856338711924,-0.04888318263292943,1.8237371757803416,0.100565,-0.067609,1.548142,0.11369159747764632,1000,296.9999313354492
12.52,-0.01371276973631194,-0.035472323902756446,1.8174677316248802,0.100905,-0.052612,1.548142,0.11589219833985653,1000,295.9635257720947
12.62,-0.011692973798117767,-0.017723098566324504,1.8084549220492276,0.101244,-0.037616,1.548142,0.1146755753337504,1000,278.5062789916992
12.72,-0.014955012222236231,-0.004924618385384153,1.8132945467445758,0.101584,-0.02262,1.548142,0.11787479756174095,1000,279.00075912475586
12.82,-0.01679871690881829,0.012518390549889182,1.810044622193484,0.101924,-0.007624,1.548142,0.12041926510021424,1000,278.03850173950195
12.92,-0.019290006427535516,0.025549484860048304,1.8025122168560588,0.102264,0.007372,1.548142,0.12290564443678993,1000,279.00028228759766
13.02,-0.018391446071071644,0.03938546404976929,1.7943621007058965,0.102603,0.022368,1.548142,0.12218531033938021,1000,293.9605712890625
13.12,-0.020678508653365905,0.050288049026435126,1.7886543814085307,0.102943,0.037364,1.548142,0.124295247073136,1000,299.086332321167
13.22,-0.01973589750977184,0.06805045606551875,1.775346046795942,0.103283,0.052361,1.548142,0.12401535459833832,1000,278.99956703186035
13.32,-0.02118287295451201,0.08284095153584203,1.7625452258033343,0.103623,0.067357,1.548142,0.1257627078235122,1000,287.5170707702637
13.42,-0.022977520139757953,0.09437528164846354,1.7603538334246047,0.103963,0.082353,1.548142,0.1275085522990018,1000,278.0032157897949
13.52,-0.02956420892438024,0.10374016567914882,1.7628030503368792,0.104302,0.097349,1.548142,0.1340186885867943,1000,285.0000858306885
13.62,-0.03148222087755596,0.11928315568665986,1.7537700719169165,0.104642,0.112345,1.548142,0.13630092264491084,1000,282.11259841918945
13.72,-0.03135426426126037,0.13495703527111158,1.7535936179991227,0.104982,0.127341,1.548142,0.13654882257261336,1000,286.00025177001953
13.82,-0.03498989536497595,0.1502375279400632,1.7518752062370633,0.105322,0.142338,1.548142,0.14053409025068545,1000,278.03802490234375
13.92,-0.03609158558873489,0.16339983901443128,1.7445464015903545,0.105662,0.157334,1.548142,0.14188330920235753,1000,281.96120262145996
14.02,-0.03725880422295093,0.17770422673817163,1.745210525268982,0.106001,0.17233,1.548142,0.1433605727493843,1000,284.99698638916016
14.12,-0.04088142705450971,0.18856323029723063,1.7416919646209506,0.106341,0.187326,1.548142,0.14722762569106662,1000,291.67938232421875
14.22,-0.041613310789662246,0.20042095181343364,1.737635014957539,0.106681,0.202322,1.548142,0.14830649546391617,1000,281.0406684875488
14.32,-0.045559108349767195,0.20867030572001044,1.7349222028017663,0.107021,0.217318,1.548142,0.1528249720444498,1000,271.99506759643555
14.42,-0.048916073143019455,0.2215471076284767,1.7341918969266203,0.10736,0.232314,1.548142,0.15664653525802072,1000,271.00443840026855
14.52,-0.05162819513634296,0.2322213426769025,1.734428775092871,0.1077,0.247311,1.548142,0.16004115571793742,1000,267.99607276916504
14.62,-0.05245822080133793,0.24842328776993614,1.7390551983710612,0.10804,0.262307,1.548142,0.16109759882034944,1000,279.65259552001953
14.72,-0.054371072331173546,0.26013472416546873,1.73719661833098,0.10838,0.277303,1.548142,0.16365409020271213,1000,282.95421600341797
14.82,-0.05455752322688912,0.27742470312105155,1.7315134113182111,0.10872,0.292299,1.548142,0.16395363460061022,1000,281.00109100341797
14.92,-0.059192464003477156,0.28889218640191855,1.73502713969172,0.109059,0.307295,1.548142,0.16925489265495133,1000,297.5034713745117
15.02,-0.07824072127953494,0.2732179419457452,1.8339925161206172,0.109037,0.308391,1.631931,0.1905520634906459,1000,285.9985828399658
15.12,-0.11365367593861916,0.2691059577823014,1.9229896511620188,0.109032,0.308372,1.722008,0.2261210568250595,1000,290.5113697052002
15.22,-0.12695461341073627,0.2733782467600814,1.920823117214337,0.106754,0.322518,1.729736,0.2388188253275882,1000,306.04052543640137
15.32,-0.1346431252291614,0.2826152944089126,1.9187546113122538,0.104379,0.337335,1.729722,0.245205673933211,1000,309.95702743530273
15.42,-0.13652774635227768,0.2920673668359612,1.9221033930008375,0.102005,0.352147,1.729719,0.24598258760222338,1000,301.55014991760254
15.52,-0.13627222709266235,0.3049997467584686,1.9070118526943522,0.099632,0.366959,1.729718,0.24390521401239998,1000,284.9593162536621
15.62,-0.1379043382146618,0.30814117118346457,1.9629872275174076,0.098569,0.373785,1.779808,0.24541546802938163,1000,280.2155017852783
15.72,-0.18592430076220184,0.2794921210804582,2.068819973008756,0.098565,0.373763,1.869868,0.29970178654861146,1000,284.9993705749512
15.82,-0.20952102064189523,0.2646532916360712,2.180921961596031,0.09856,0.373743,1.959966,0.32682484567529274,1000,281.0401916503906
15.92,-0.18977330778499596,0.1439242353082246,2.286382422569346,0.098555,0.373727,2.050016,0.3687038428469967,1000,281.95977210998535
16.02,-0.20308901145520236,0.1225124440771258,2.2993374169985192,0.092938,0.384003,2.071392,0.3949801290545542,1000,297.0011234283447
16.12,-0.22054978104310805,0.10952558056948378,2.2959036739929726,0.085737,0.39717,2.071371,0.42017960953771605,1000,280.6730270385742
16.22,-0.24792224210947458,0.09939274002473969,2.296800001178895,0.078537,0.410332,2.071365,0.4508423894806865,1000,270.7679271697998
16.32,-0.26425706827311946,0.08434391054529115,2.313556985947943,0.071339,0.423493,2.071364,0.47712349126650044,1000,281.0018062591553
16.42,-0.28214243939888245,0.0720679689754879,2.3526824456027664,0.065374,0.434395,2.08783,0.5020443736000981,1000,283.95938873291016
16.52,-0.31175055959667414,0.022227703715051974,2.462021899521692,0.06535,0.434425,2.178429,0.5586693504325667,1000,284.99913215637207
16.62,-0.29164997721871067,-0.030663456902009653,2.5455369378583423,0.065348,0.43441,2.268442,0.5862941889981824,1000,294.0347194671631
16.72,-0.29947926353010035,-0.03522638991056891,2.5467063897228868,0.055815,0.445735,2.27081,0.5979614304301764,1000,300.5948066711426
16.82,-0.3020092033512658,-0.04431755371227615,2.5390276438611683,0.046149,0.457213,2.270799,0.6105301228176409,1000,279.00004386901855
16.92,-0.3246318879294735,-0.024105788093169257,2.5456607179388757,0.036485,0.468687,2.270796,0.6109420093139014,1000,278.03850173950195
17.02,-0.34078016176189146,-0.020493930424832153,2.5667159469500267,0.030446,0.475853,2.306599,0.619813793423976,1000,275.96497535705566
17.12,-0.33208586056582107,-0.036443428426998235,2.653211390555211,0.030451,0.475838,2.396566,0.6275868363661934,1000,282.99641609191895
17.22,-0.28097008917633315,-0.07457841129271947,2.7277836696554933,0.030449,0.475825,2.48655,0.6323968408096924,1000,276.67832374572754
17.32,-0.2668234729888553,-0.09404401033135773,2.7732882658340587,0.023469,0.481043,2.522643,0.6442008920560762,1000,266.9966220855713
17.42,-0.27384083926952607,-0.10335513832130663,2.7424470030012063,0.011246,0.489754,2.522622,0.6580675921855835,1000,271.9998359680176
17.52,-0.25954288682431165,-0.12694737435011633,2.8207204768742553,0.008487,0.491544,2.593528,0.6740709164298287,1000,295.9613800048828
17.62,-0.2199927480905272,-0.14450345955853747,2.9113319696401327,0.008491,0.491532,2.683493,0.6758298076863253,1000,287.4429225921631
17.72,-0.1863062390361231,-0.16226072510903408,3.006425821897144,0.008491,0.491521,2.773449,0.6821850983586795,1000,277.52161026000977
17.82,-0.1597725186737187,-0.17502525317454143,3.0661915705710747,0.000566,0.494415,2.810814,0.6883739486215879,1000,290.9994125366211
17.92,-0.1496002984402182,-0.1899939960116431,3.0808438551259854,-0.013629,0.499292,2.81079,0.7025691270595953,1000,278.0008316040039
18.02,-0.15234372541198812,-0.19179435483128712,3.0719735529538803,-0.027819,0.504167,2.810786,0.7070138716160609,1000,278.99932861328125
18.12,-0.17040036604259134,-0.19431952234645614,3.053090738683742,-0.042006,0.50904,2.810785,0.7149823290871697,1000,282.5331687927246
18.22,-0.15464197912577662,-0.1986176978337479,3.119047593734452,-0.045451,0.510039,2.88197,0.7170195152902589,1000,288.2208824157715
18.32,-0.13000245853609552,-0.2161478450722015,-3.0607939487937363,-0.045445,0.510029,2.971923,0.7310832880822127,1000,273.9994525909424
18.42,-0.11955234479526775,-0.23087088018748336,-3.0577602898981127,-0.056653,0.511686,2.997596,0.7452161081789915,1000,285.0034236907959
18.52,-0.11576186531755409,-0.24449724039555548,-3.069830313379655,-0.071505,0.513839,2.997583,0.759626568535489,1000,281.998872756958
18.62,-0.047308445927948466,-0.2594813935286041,-2.990504774282065,-0.072384,0.513842,3.083943,0.7737298329459816,1000,286.96155548095703
18.72,0.051097176352574956,-0.28119976994899315,-2.8998569179239824,-0.072378,0.513838,-3.109302,0.8045689372706156,1000,286.21625900268555
18.82,0.07958722384741604,-0.2978307522373477,-2.8870498682541816,-0.08653,0.513252,-3.099769,0.8279191766324073,1000,283.003568649292
18.92,0.06316500391816247,-0.32355046364018514,-2.9101307674959416,-0.101523,0.512623,-3.099784,0.8522371735207124,1000,307.96194076538086
19.02,0.04148957234426345,-0.3521130375113489,-2.9349796599511015,-0.116512,0.511996,-3.099788,0.8784354988114093,1000,286.9994640350342
19.12,0.03756481719834996,-0.36844629760420017,-2.940946363429334,-0.131499,0.511369,-3.099789,0.8959115649348681,1000,283.54930877685547
19.22,0.026944657253839252,-0.38319629611087647,-2.9660992300855793,-0.146486,0.510743,-3.099789,0.910607301753455,1000,284.6696376800537
19.32,0.004840218559052792,-0.3996062326033397,-3.0001809903972974,-0.161473,0.510116,-3.099789,0.924799776795105,1000,280.9610366821289
19.42,0.004232304387001591,-0.40465966220344995,-2.953870235495407,-0.168538,0.509825,-3.051727,0.9306620092618668,1000,274.0437984466553
19.52,0.0024347316086986105,-0.42279900743562815,-2.9334262598799805,-0.176748,0.508711,-3.007676,0.9485870256647405,1000,283.95533561706543
19.62,-0.005944976136704113,-0.4341314538330103,-2.9519110338166525,-0.19162,0.506704,-3.007685,0.9589820465867972,1000,287.03784942626953
19.72,-0.013530226190035051,-0.43606082098933635,-2.963767781053584,-0.206488,0.504701,-3.007688,0.9603465553147309,1000,279.965877532959
19.82,-0.024592876022106722,-0.4432334628881995,-2.977355887751826,-0.221354,0.502698,-3.007689,0.966178695889561,1000,279.51979637145996
19.92,-0.033388068074292426,-0.4514412013591224,-2.9789651099779166,-0.23622,0.500696,-3.007689,0.97350194803128,1000,283.2362651824951
20.02,-0.031596032271822345,-0.4535073106227006,-2.901867872134021,-0.240123,0.500194,-2.939993,0.9762323935177347,1000,284.5757007598877
20.12,0.046470449473912566,-0.43046609020683796,-2.815207215110787,-0.240099,0.50019,-2.849882,0.9737775965850002,1000,281.0208797454834
20.22,0.07585323148419701,-0.43654537864235626,-2.8220018995907794,-0.253973,0.495918,-2.844203,0.9890769916867875,1000,273.970365524292
20.32,0.0879488648083643,-0.44109504101370517,-2.823706039041958,-0.26832,0.491521,-2.844214,0.9983487286454156,1000,285.2139472961426
20.42,0.08504949375971696,-0.4438335918803122,-2.8314018729749697,-0.282663,0.487126,-2.844218,1.000948669903181,1000,284.534215927124
20.52,0.07273339461497441,-0.44937795523683804,-2.846410208401492,-0.297006,0.482731,-2.844218,1.002763344146044,1000,287.0035171508789
20.62,0.050046732557435046,-0.4580502271274677,-2.8476139521136616,-0.311347,0.478336,-2.844218,1.0037054330259494,1000,292.9987907409668
20.72,0.0284595957952348,-0.46074477086751675,-2.864055375171059,-0.325689,0.47394,-2.844218,0.9995283131534589,1000,292.0365333557129
20.82,0.006038456677413295,-0.4674861226041458,-2.8670223245875626,-0.340031,0.469545,-2.844218,0.9988950863698277,1000,296.5116500854492
20.92,-0.0016112034577173695,-0.4645183043841513,-2.870905650787265,-0.354372,0.46515,-2.844218,0.9943456822220574,1000,269.99926567077637
21.02,-0.007019856936802644,-0.4658826537915545,-2.8579072292743093,-0.368714,0.460755,-2.844218,0.9947260902130484,1000,275.53749084472656
21.12,-0.03180989670257363,-0.47399084676820663,-2.8794815355212315,-0.383056,0.45636,-2.844218,0.9944478483882127,1000,283.0007076263428
21.22,-0.03588448848681476,-0.47583033195175317,-2.87016978514008,-0.397397,0.451965,-2.844218,0.995738657465921,1000,279.9959182739258
21.32,-0.042266146327844124,-0.4802619041049039,-2.855809099580411,-0.411739,0.447569,-2.844218,0.9986893291773822,1000,283.5226058959961
21.42,-0.05871726515653815,-0.4839211574551653,-2.8643010047194593,-0.426081,0.443174,-2.844218,0.9972269273615485,1000,282.03797340393066
21.52,-0.028609541012327922,-0.4820469703262345,-2.7445294286234274,-0.426779,0.443026,-2.756874,1.0071240829702852,1000,280.69019317626953
21.62,-0.016839543946691012,-0.48456220011060624,-2.679158824571537,-0.434653,0.439468,-2.716779,1.014100534846352,1000,277.0049571990967
21.72,-0.028649851682017228,-0.488844694999167,-2.688447516770273,-0.448326,0.433282,-2.716791,1.0131365708023297,1000,299.69120025634766
21.82,-0.02425278281887407,-0.49260954430217024,-2.650448285464935,-0.459697,0.428138,-2.701032,1.0185223152267997,1000,283.62202644348145
21.92,0.024209773460540585,-0.504739024044189,-2.544688407827558,-0.459751,0.428106,-2.610153,1.0509128741872602,1000,288.0415916442871
22.02,0.09678442296525118,-0.5179595471420247,-2.4463805176640783,-0.459735,0.428104,-2.52013,1.0976110893064657,1000,281.4762592315674
22.12,0.17069762947451408,-0.5258629478627349,-2.368322855928064,-0.459722,0.4281,-2.430129,1.1434483876073038,1000,280.0006866455078
22.22,0.19237816735357702,-0.5151984794552562,-2.297347543424985,-0.459711,0.428096,-2.340154,1.1467452886978189,1000,278.0001163482666
22.32,0.2573208462807204,-0.5048185020630226,-2.196814387807363,-0.459701,0.428092,-2.250195,1.1766232756933266,1000,276.99923515319824
22.42,0.25194919158320883,-0.5023178877031284,-2.224505071163981,-0.469087,0.416669,-2.249458,1.168088219846044,1000,286.52405738830566
22.52,0.2456302180579109,-0.4962301367330178,-2.2533292490529258,-0.478509,0.40499,-2.249471,1.1561035169839255,1000,291.5520668029785
22.62,0.2578139734270396,-0.5082871786233947,-2.265218029502006,-0.487928,0.393313,-2.249474,1.1700487054069983,1000,301.98049545288086
22.72,0.2705454574300941,-0.5147455755726952,-2.265814711247129,-0.497345,0.381636,-2.249475,1.180320161497882,1000,278.02562713623047
22.82,0.27323125512318663,-0.5227156625286609,-2.2738122891958907,-0.506762,0.36996,-2.249475,1.1854363401333063,1000,287.6114845275879
22.92,0.26866946392414776,-0.5219369789696879,-2.241362894991955,-0.512616,0.362667,-2.213917,1.180225053008186,1000,286.68761253356934
23.02,0.30127452122392506,-0.5292861406306977,-2.1793919723706745,-0.512602,0.362674,-2.123952,1.2074716908787104,1000,294.0046787261963
23.12,0.3043885924153986,-0.5222291450552222,-2.143029079220286,-0.512589,0.362674,-2.033983,1.2043695291053675,1000,310.99629402160645
23.22,0.3093839693279297,-0.5205138040418871,-2.119116505663389,-0.516316,0.355027,-1.997936,1.2034750262844918,1000,278.9654731750488
23.32,0.30971071667013117,-0.5294304789813957,-2.127995345255834,-0.522537,0.341367,-1.997957,1.204543279132386,1000,283.5209369659424
23.42,0.309065643527284,-0.5467338258575251,-2.1426004963771668,-0.528753,0.327713,-1.997961,1.2110315151531768,1000,276.99923515319824
23.52,0.31223827038770685,-0.556056048291487,-2.1580778234601,-0.534969,0.31406,-1.997962,1.2144390048463458,1000,299.57032203674316
23.62,0.2918829414952753,-0.5458045353154786,-2.143848922182285,-0.534961,0.313529,-1.907402,1.192528837599008,1000,303.00068855285645
23.72,0.229884910668618,-0.5276743262817335,-2.1852434035973913,-0.534951,0.313533,-1.817446,1.1369273222323215,1000,289.9630069732666
23.82,0.17854272661037265,-0.5041887676531792,-2.2247020482851356,-0.53494,0.313534,-1.727506,1.0852318304904933,1000,289.1685962677002
23.92,0.14978033044178846,-0.5094178199148821,-2.304471114535937,-0.537105,0.299357,-1.719911,1.0610976234562375,1000,282.99546241760254
24.02,0.1330606922452715,-0.5106417399053427,-2.3334075837306725,-0.539334,0.284517,-1.719923,1.0413414635975395,1000,299.00264739990234
24.12,0.1173929938577531,-0.521905075098815,-2.384407339513946,-0.541563,0.269682,-1.719927,1.0299675234222467,1000,293.0011749267578
24.22,0.10018017598617714,-0.5203479238022505,-2.4199150247227057,-0.543793,0.254847,-1.719928,1.007784015192988,1000,289.0429496765137
24.32,0.08934958354516537,-0.5237477089973657,-2.4160188210687616,-0.545621,0.242275,-1.707469,0.9949765990551489,1000,293.11585426330566
24.42,0.08559246335196134,-0.5201927567818471,-2.3494756140485915,-0.545589,0.242113,-1.615515,0.9896969771106042,1000,280.5156707763672
24.52,0.07275280591536999,-0.5259243060154346,-2.355862707884017,-0.545833,0.230961,-1.587925,0.9775089594177876,1000,287.9951000213623
24.62,0.06521519434442448,-0.5339058567444531,-2.3496489490649823,-0.546088,0.215957,-1.587937,0.967463642386963,1000,291.0029888153076
24.72,0.055819200146485115,-0.5454279700798302,-2.377738825128345,-0.546345,0.200957,-1.587941,0.9590058641630536,1000,286.9575023651123
24.82,0.04743247754856982,-0.5600714632367674,-2.3963703196378177,-0.546602,0.185958,-1.587942,0.9536440219147507,1000,283.5428714752197
24.92,0.03505981686673099,-0.5685446829622408,-2.4194357578928165,-0.54686,0.17096,-1.587942,0.9410089528720192,1000,276.01170539855957
25.02,0.023411058090356082,-0.5705850701867636,-2.425315536105019,-0.547117,0.155962,-1.587942,0.9237818520978438,1000,279.0038585662842
25.12,0.008416110963189933,-0.5767312626576836,-2.4457454532595593,-0.547374,0.140965,-1.587942,0.907739264809715,1000,291.96929931640625
25.22,-0.005130229800529096,-0.5741074738370974,-2.463162457644132,-0.547631,0.125967,-1.587942,0.8856700032096084,1000,288.28930854797363
25.32,-0.020196678162935588,-0.5739082042566659,-2.4720573680411055,-0.547888,0.110969,-1.587942,0.8645894494224268,1000,301.08046531677246
25.42,-0.03242988333494892,-0.576432329014093,-2.4734559302598043,-0.548145,0.095971,-1.587942,0.8474009195334178,1000,282.55319595336914
25.52,-0.04499803145416916,-0.5753971448810666,-2.4817736429840394,-0.548403,0.080973,-1.587942,0.8271869978715944,1000,280.99918365478516
25.62,-0.06278733102174287,-0.5722591366782073,-2.502524537929002,-0.54866,0.065976,-1.587942,0.8021323707161462,1000,309.00001525878906
25.72,-0.07647640939495784,-0.5724254823351703,-2.5134862037979215,-0.548917,0.050978,-1.587942,0.7821969147464455,1000,300.5344867706299
25.82,-0.09112826835604279,-0.567924215286696,-2.5264396836852696,-0.549174,0.03598,-1.587942,0.7579618681162583,1000,292.07777976989746
25.92,-0.10586713702826857,-0.554644413442986,-2.534750883993247,-0.549431,0.020982,-1.587942,0.7267012236040616,1000,288.543701171875
26.02,-0.12058126161633348,-0.5532438565231657,-2.5440639395753855,-0.549688,0.005984,-1.587942,0.7048889192190233,1000,296.0023880004883
26.12,-0.1355401585652771,-0.5474227727274114,-2.5497934359044994,-0.549946,-0.009013,-1.587942,0.6794242303477286,1000,287.51683235168457
26.22,-0.1509328126325375,-0.5395077760135387,-2.554880249320071,-0.550203,-0.024011,-1.587942,0.6520380422956938,1000,284.00111198425293
26.32,-0.16361608443711467,-0.5378173055224221,-2.5566576396009344,-0.55046,-0.039009,-1.587942,0.6312352498602837,1000,276.03769302368164
26.42,-0.1753623291760222,-0.5394776357407735,-2.5545825693917505,-0.550717,-0.054007,-1.587942,0.6136553324757533,1000,284.88898277282715
26.52,-0.1890709248431481,-0.5251645755843937,-2.5563328734133446,-0.550974,-0.069005,-1.587942,0.5822846333240472,1000,292.9990291595459
26.62,-0.19708911861813372,-0.524915942533697,-2.516087849765899,-0.551114,-0.079101,-1.558446,0.5692842696085745,1000,282.96446800231934
26.72,-0.1939859542766809,-0.508153481424455,-2.4224142138641342,-0.551109,-0.079108,-1.468275,0.5582265623538908,1000,290.0071144104004
26.82,-0.19840056283774557,-0.48981308485368685,-2.3710445895321737,-0.550228,-0.084348,-1.406521,0.536828166712187,1000,301.99289321899414
26.92,-0.20876780959074304,-0.47871006823108575,-2.3739605239325647,-0.547769,-0.099157,-1.40654,0.5089030739762971,1000,289.2796993255615
27.02,-0.21996169007567787,-0.46785113423038804,-2.3790635159237294,-0.545316,-0.113958,-1.406549,0.48072422181718627,1000,303.00188064575195
27.12,-0.21756296811376802,-0.4776598238413279,-2.302673659088518,-0.544709,-0.117809,-1.338398,0.48633028036324233,1000,316.997766494751
27.22,-0.20513470528224126,-0.5016793355055883,-2.1920113857022705,-0.544706,-0.117789,-1.248328,0.5125236130081112,1000,290.0421619415283
27.32,-0.0719244104244035,-0.5649845760146035,-2.0943412959833383,-0.544701,-0.11777,-1.158247,0.6507830519079716,1000,294.9552536010742
27.42,-0.04449153965387354,-0.5201218546238497,-2.022717054527915,-0.544696,-0.117755,-1.06821,0.6419529483147887,1000,283.51402282714844
27.52,0.0398091567445681,-0.4873707994553108,-1.9565983375725873,-0.544691,-0.117743,-0.978207,0.6915671647530702,1000,292.9964065551758
27.62,0.0888243705422574,-0.44108842683009375,-1.898859771886015,-0.544686,-0.117732,-0.888226,0.7112627983782887,1000,302.7169704437256
27.72,0.09243376962930919,-0.3598101066939403,-1.8189599879128902,-0.544681,-0.117722,-0.79826,0.6815584208873545,1000,289.043664932251
27.82,0.09669227171204062,-0.32094278971220636,-1.7880936647880277,-0.538298,-0.123791,-0.760015,0.6648920764723079,1000,348.48594665527344
27.92,0.09894810528030303,-0.30323280127333696,-1.7867775285416847,-0.52742,-0.134133,-0.760041,0.6487925293212915,1000,340.99674224853516
28.02,0.10001920561447816,-0.2984695311992162,-1.7886243690261054,-0.516546,-0.144471,-0.760047,0.6355062551902536,1000,308.5649013519287
28.12,0.10125703971399659,-0.3033547168109218,-1.7921816564090747,-0.505674,-0.154806,-0.760049,0.6248455875130146,1000,295.99499702453613
28.22,0.09038111451199281,-0.28962033130953513,-1.7300403332260446,-0.501064,-0.159183,-0.706193,0.6056576763149771,1000,290.6043529510498
28.32,0.12238303868942273,0.06608236197134527,-1.6399373387591443,-0.501068,-0.15917,-0.616223,0.6628950325780018,1000,285.56323051452637
28.42,0.13349894473220472,0.1377927880787012,-1.5368665352944293,-0.501067,-0.159158,-0.526252,0.7006095265941202,1000,281.9983959197998
28.52,0.14132515563470488,0.1667065081397062,-1.4959270062301095,-0.493619,-0.163394,-0.490217,0.7156258982518454,1000,286.5569591522217
28.62,0.14992096118033493,0.18006199730497194,-1.4914157783223163,-0.480378,-0.170463,-0.490238,0.7212104784323782,1000,288.7694835662842
28.72,0.15004337589754774,0.20538783180873718,-1.4006193027966711,-0.477301,-0.171885,-0.418325,0.7320490117411997,1000,281.0366153717041
28.82,0.15522796116613571,0.2358995571985141,-1.2857340199516456,-0.477306,-0.171875,-0.328368,0.7525817573705642,1000,284.6348285675049
28.92,0.16161417807089803,0.2760017471139829,-1.1794540729356888,-0.477307,-0.171865,-0.238422,0.7802595048815262,1000,288.15627098083496
29.02,0.14884282853586436,0.29991029689238546,-1.1163378880471007,-0.475,-0.172266,-0.158996,0.7823875830192054,1000,287.99986839294434
29.12,0.14695508137461938,0.31084534540296777,-1.1085858487915412,-0.460175,-0.17464,-0.159031,0.777369253515336,1000,276.9663333892822
29.22,0.15491181573212298,0.31483229668196727,-1.1206139589236346,-0.445359,-0.177016,-0.159039,0.7760411066230067,1000,283.001184463501
29.32,0.15207026223995754,0.31968547654388346,-1.1264084799643688,-0.430546,-0.179393,-0.159043,0.7671512463496508,1000,315.0603771209717
29.42,0.14809525026727557,0.33716693466391967,-1.0568847364639848,-0.426722,-0.179907,-0.09045,0.7731625476661808,1000,299.9563217163086
29.52,0.12283491888273558,0.34793318851191757,-0.9662046817738562,-0.42673,-0.1799,-0.000504,0.7619904690750701,1000,279.9999713897705
29.62,0.11164959031479645,0.3500661853562192,-0.9324380113148771,-0.418575,-0.179539,0.044968,0.7494129492680848,1000,278.5189151763916
29.72,0.11981172641450233,0.34702182798211,-0.931755507386985,-0.403581,-0.178861,0.044945,0.741951949138263,1000,297.03783988952637
29.82,0.12538603847492763,0.3515085740216329,-0.9409257744289795,-0.388593,-0.178187,0.044937,0.7380730676089722,1000,300.5969524383545
29.92,0.12944426068273887,0.3435506238691441,-0.953242252073088,-0.373608,-0.177513,0.044935,0.7242712731412583,1000,301.9983768463135
30.02,0.12862269265582074,0.33740034930972945,-0.9536087252932144,-0.358622,-0.17684,0.044935,0.7084140931541789,1000,297.961950302124
30.12,0.1291410104175091,0.3268541919933248,-0.9528342959239074,-0.343637,-0.176166,0.044935,0.6903248225924805,1000,276.0474681854248
30.22,0.13791836227924553,0.31457330342914835,-0.9688974820646181,-0.328652,-0.175492,0.044935,0.676647548271986,1000,284.99507904052734
30.32,0.14451090168375227,0.30881683938701787,-0.9655919030006909,-0.313668,-0.174818,0.044935,0.6662060971028682,1000,280.72619438171387
30.42,0.1488920875522799,0.2991475499526356,-0.968860228898327,-0.298683,-0.174145,0.044935,0.6514056315676885,1000,275.0091552734375
30.52,0.15534222245765955,0.28496845745040206,-0.9748260157347254,-0.283698,-0.173471,0.044935,0.6347622019962201,1000,281.99243545532227
30.62,0.1556962063519666,0.27720455384029924,-0.9833732743796985,-0.268713,-0.172797,0.044935,0.6185665468605539,1000,279.00195121765137
30.72,0.16219116515939075,0.260099656443043,-0.9867957845780841,-0.253728,-0.172123,0.044935,0.5998376252700104,1000,320.8434581756592
30.82,0.16739712308817278,0.25019002022023235,-0.9942495572391242,-0.238743,-0.171449,0.044935,0.585430835329293,1000,301.09357833862305
30.92,0.1808707147105148,0.24006773775203497,-1.001758955055586,-0.223758,-0.170776,0.044935,0.5766428475393985,1000,294.55041885375977
31.02,0.18679609107446835,0.23085972174702238,-0.99735695913881,-0.208774,-0.170102,0.044935,0.5632459491722952,1000,272.0069885253906
31.12,0.19605492398477822,0.2221542072043938,-1.007482803547181,-0.193789,-0.169428,0.044935,0.5525530834833106,1000,303.1020164489746
31.22,0.20504769061100644,0.21245673337411758,-1.0214948677249163,-0.178804,-0.168754,0.044935,0.5409840511739329,1000,285.82215309143066
31.32,0.21440177909211638,0.19825051381455755,-1.0254945694092135,-0.163819,-0.16808,0.044935,0.526544398022318,1000,281.68725967407227
31.42,0.2132225434741053,0.18613771993542932,-1.0215286653278142,-0.148834,-0.167407,0.044935,0.5060423002740363,1000,298.54607582092285
31.52,0.2179851723347917,0.1740561698750517,-1.0264139676476518,-0.133849,-0.166733,0.044935,0.4898209296535161,1000,287.0016098022461
31.62,0.22225291657853757,0.1613665991676801,-1.0311066560891162,-0.118864,-0.166059,0.044935,0.47283006859374255,1000,279.97660636901855
31.72,0.23481621007740128,0.14469947588396814,-1.0346992631699858,-0.10388,-0.165385,0.044935,0.4592031194417459,1000,280.02357482910156
31.82,0.2399441112109129,0.13769250151375914,-1.0169357528035945,-0.091006,-0.164814,0.054966,0.4483727908432999,1000,281.6009521484375
31.92,0.23732672678083078,0.1399008638212881,-0.912099635450053,-0.090838,-0.164801,0.147117,0.4478116944869842,1000,279.2694568634033
32.02,0.23295762277776955,0.13847663087507975,-0.8259805671287394,-0.088516,-0.164246,0.226016,0.44157250977137774,1000,278.99980545043945
32.12,0.2382255643996365,0.13215495640848113,-0.8155636988050861,-0.073886,-0.160877,0.226001,0.42811371866429415,1000,282.55724906921387
32.22,0.2405024307029387,0.12324891407818281,-0.8058610621301731,-0.059263,-0.157515,0.22599,0.4107160684621671,1000,273.9987373352051
32.32,0.24180617019865105,0.11834885323061367,-0.7953425312799327,-0.044643,-0.154154,0.225987,0.3953617737292278,1000,298.7020015716553
32.42,0.24949677013679866,0.11208280465066285,-0.7647779831164813,-0.032292,-0.151367,0.239012,0.38575991308802676,1000,283.2489013671875
32.52,0.2341617343492051,0.10376759305989074,-0.6492517428292116,-0.032154,-0.151328,0.330838,0.36877883881878815,1000,275.96163749694824
32.62,0.22280527950631657,0.09530336896327922,-0.5508043057857687,-0.032174,-0.151324,0.420915,0.35473862504569437,1000,292.00100898742676
32.72,0.22309821351342934,0.09509909737232389,-0.4843577165845504,-0.027129,-0.148707,0.478514,0.34936380965780994,1000,288.00272941589355
32.82,0.22079379990535195,0.08967108440326829,-0.4602598753578256,-0.013803,-0.141795,0.478491,0.3295636611564034,1000,292.9961681365967
32.92,0.22793512012435757,0.0786718154986544,-0.4532897012039796,-0.000484,-0.134888,0.478482,0.3127028769202564,1000,287.5680923461914
33.02,0.2363686220553209,0.07429277166101592,-0.4557619815055655,0.012832,-0.127981,0.47848,0.3014685723286528,1000,283.9064598083496
33.12,0.24525211070943043,0.07633359464592382,-0.4415949133309246,0.026148,-0.121075,0.478479,0.29491823370190084,1000,293.0030822753906
33.22,0.25524346035803946,0.07192541589632971,-0.4342391801329459,0.039464,-0.114168,0.478479,0.284941283341623,1000,295.03560066223145
33.32,0.26726665108056896,0.0657990974086371,-0.4475755035327519,0.052779,-0.107262,0.478479,0.27559952086740225,1000,295.96424102783203
33.42,0.2739587277485331,0.05872160017477194,-0.44784269988652664,0.066095,-0.100355,0.478479,0.2617492961531712,1000,294.0957546234131
33.52,0.278662426033705,0.048787698649785605,-0.44953737605675875,0.07941,-0.093449,0.478479,0.24481178019676056,1000,298.037052154541
33.62,0.2791499822333938,0.035467489509150706,-0.4577509658558239,0.092726,-0.086543,0.478479,0.22280139295349863,1000,288.96021842956543
33.72,0.28415506787416206,0.029397498556667793,-0.4624266706584228,0.106041,-0.079636,0.478479,0.20883707760402243,1000,299.5188236236572
33.82,0.2821382177264489,0.03194024280150958,-0.5534596834788659,0.106465,-0.079623,0.3889,0.20810438863885813,1000,294.5380210876465
33.92,0.28657715464925326,0.031273103861923945,-0.5850124490329629,0.114332,-0.076545,0.351938,0.20320712787824594,1000,281.66770935058594
34.02,0.2929601447169009,0.019981903374766314,-0.5896502548475402,0.128419,-0.07137,0.35195,0.1881992522698769,1000,279.95944023132324
34.12,0.3056303274800991,0.020388861593788898,-0.5803844278632044,0.142502,-0.066198,0.351953,0.18468388079937137,1000,278.99956703186035
34.22,0.3174658670299157,0.013799432411237997,-0.5757052399579167,0.156583,-0.061026,0.351954,0.1774320778193568,1000,280.0002098083496
34.32,0.31856885539188123,0.015218601080853782,-0.6400432389352303,0.159979,-0.059963,0.2807,0.1755078783824203,1000,284.03592109680176
34.42,0.2987966582904142,-0.018206229131747274,-0.7252894841720017,0.159973,-0.059974,0.190745,0.14497087564209765,1000,298.1526851654053
34.52,0.3036738430973781,-0.029237093815732626,-0.768635498576387,0.168206,-0.058723,0.147083,0.1386396594664141,1000,279.9985408782959
34.62,0.30544389557266066,-0.046702189552829614,-0.7848815173157084,0.180801,-0.056906,0.134775,0.12505986232352478,1000,282.99975395202637
34.72,0.25239446685278777,-0.019529907769367985,-0.8777507355788517,0.180966,-0.056936,0.042815,0.0806302772716698,1000,285.01009941101074
34.82,0.24671469816285363,-0.03487028191569056,-0.9323385918152397,0.189082,-0.056936,-0.003162,0.06171242834394716,1000,283.03074836730957
34.92,0.25726855915304564,-0.053903262159173446,-0.936333414434586,0.204091,-0.056987,-0.003142,0.05326689625411466,1000,298.94018173217773
35.02,0.26153724854369764,-0.07318764226988574,-0.9342991213808022,0.219093,-0.057034,-0.003136,0.04541425319239124,1000,281.00037574768066
35.12,0.2709878077151997,-0.08154487841786881,-0.9286699707118015,0.234094,-0.05708,-0.003134,0.044268310603943685,1000,290.03405570983887
35.22,0.2645611219001541,-0.08594246366574056,-0.9901157527701003,0.244222,-0.057113,-0.032222,0.03528197634662183,1000,295.0000762939453
35.32,0.2598751890545187,-0.09236426181225413,-1.0786193851926837,0.246462,-0.057369,-0.112775,0.037477753266711065,1000,289.0017032623291
35.42,0.26045199300128313,-0.1162003546137501,-1.090896860957065,0.261376,-0.059065,-0.112762,0.057142825759430665,1000,284.4843864440918
35.52,0.26360942779396107,-0.14023751630764078,-1.1193314985633653,0.276284,-0.060754,-0.112756,0.0804877266745253,1000,315.51384925842285
35.62,0.2620517077431004,-0.15628157933235012,-1.1292814781215799,0.29119,-0.062442,-0.112755,0.09825938492032672,1000,296.00048065185547
35.72,0.2596116888647064,-0.17167794507821513,-1.2288222872107233,0.295134,-0.06287,-0.180018,0.11445961515109372,1000,296.00048065185547
35.82,0.246250684004533,-0.1904594131450382,-1.2816722094630113,0.303325,-0.064743,-0.222823,0.13806554269767804,1000,289.71409797668457
35.92,0.24215417380503815,-0.21288973043975123,-1.2867903346754257,0.31796,-0.068062,-0.222812,0.16346741201055948,1000,289.09850120544434
36.02,0.23976962502351395,-0.23295043121952078,-1.2996757151813871,0.332592,-0.071377,-0.222808,0.18633831321637695,1000,297.06406593322754
36.12,0.23663584499327958,-0.256390349243815,-1.3237129026464423,0.347222,-0.074692,-0.222807,0.21270540142906047,1000,282.03725814819336
36.22,0.24241516997331738,-0.2746054833928231,-1.3476682811336196,0.359589,-0.077442,-0.235729,0.22935375651319498,1000,287.9619598388672
36.32,0.24135604069559932,-0.27583788676675763,-1.4533774010439269,0.359728,-0.077481,-0.327582,0.23099215414676533,1000,285.0010395050049
36.42,0.23826333199963734,-0.28940536304732506,-1.4910232136089099,0.367739,-0.080569,-0.368309,0.24571645271526749,1000,285.5181694030762
36.52,0.2301393994852862,-0.30976442193072934,-1.499153771066717,0.38174,-0.085973,-0.368294,0.27030601659267517,1000,286.73362731933594
36.62,0.22729398009118476,-0.32184788438242207,-1.4922832094132135,0.395737,-0.091374,-0.368289,0.28546674471525324,1000,287.0001792907715
36.72,0.2231086866420553,-0.3364854528254307,-1.4882463488901818,0.409732,-0.096774,-0.368288,0.3037924319405872,1000,286.9999408721924
36.82,0.21880402394219028,-0.3443645162592819,-1.526791463138094,0.418704,-0.100239,-0.402419,0.3155269689214756,1000,286.9999408721924
36.92,0.16119948718539412,-0.32576399788192667,-1.6093407504935022,0.418685,-0.100239,-0.492427,0.3422868884124012,1000,290.0087833404541
37.02,0.1295668003603413,-0.3244313390961828,-1.6398149703490574,0.426201,-0.104657,-0.531659,0.3691782882578888,1000,292.71793365478516
37.12,0.11311086124318638,-0.34101751419318693,-1.6325711576801238,0.439138,-0.112266,-0.531644,0.39827245756093954,1000,281.95810317993164
37.22,0.10385684563997893,-0.35937743708265774,-1.6228131016692757,0.45207,-0.119871,-0.531639,0.42262954732647945,1000,289.48068618774414
37.32,0.0753061778006732,-0.3535758065967209,-1.705439081866469,0.455047,-0.121626,-0.602821,0.44497618455921545,1000,284.0008735656738
37.42,0.04831815054489258,-0.3482626425032074,-1.7950082779688852,0.455031,-0.121626,-0.692822,0.4655958651416693,1000,284.9998474121094
37.52,0.032886814071811966,-0.3201292074796163,-1.8681889617004157,0.455018,-0.121629,-0.782817,0.4664730115479235,1000,284.5194339752197
37.62,0.0031263682031448317,-0.2902510951974608,-1.9675840450319078,0.455007,-0.121632,-0.872789,0.48231577276545223,1000,296.9970703125
37.72,-0.02117414725842821,-0.27527188491797805,-1.9947429429888368,0.460512,-0.128454,-0.909283,0.5035643313345941,1000,301.00369453430176
37.82,-0.045755377793328084,-0.2546813274424762,-1.987221745596747,0.469734,-0.140296,-0.90926,0.5280277471420181,1000,287.99962997436523
37.92,-0.06197174384412579,-0.250360344985792,-1.9791921958090033,0.478952,-0.152133,-0.909255,0.5497700500730311,1000,295.0007915496826
38.02,-0.08411085482112798,-0.2507607450974856,-2.0008635953261242,0.488168,-0.163969,-0.909253,0.5788228526003864,1000,291.6250228881836
38.12,-0.10257514018595917,-0.2546466909612519,-2.0220279435563633,0.497384,-0.175805,-0.909252,0.6051173292232713,1000,284.959077835083
38.22,-0.11453949700213018,-0.25812047582866976,-2.0283094352052538,0.506599,-0.187641,-0.909252,0.6251242988167628,1000,289.0002727508545
38.32,-0.1336349518422858,-0.2642682004998465,-2.0300205583666218,0.515814,-0.199476,-0.909252,0.6526729428240885,1000,301.999568939209
38.42,-0.14824337211619973,-0.23929382967269508,-2.123445575875996,0.515965,-0.199763,-0.998427,0.6653836848645026,1000,300.54235458374023
38.52,-0.1679864516425273,-0.23416951583735446,-2.1868517386004713,0.518928,-0.204508,-1.052504,0.6875545573968102,1000,306.64539337158203
38.62,-0.19449387624571118,-0.22934313420746066,-2.2006075885755534,0.526366,-0.217546,-1.052485,0.720956401980377,1000,303.00188064575195
38.72,-0.20819262663786195,-0.20898573525423503,-2.300240925935924,0.52788,-0.220526,-1.123583,0.7361630861405397,1000,297.96314239501953
38.82,-0.22599945693953857,-0.20141571726742633,-2.3689645400808703,0.527868,-0.220521,-1.213545,0.7541095109205153,1000,278.0008316040039
38.92,-0.28584279607673563,-0.09637819497360478,-2.4618366216053134,0.527858,-0.220521,-1.303495,0.8231162867880425,1000,281.9995880126953
39.02,-0.29509913434515284,-0.04415278061455822,-2.524870041075435,0.528998,-0.225799,-1.364326,0.8438788040073746,1000,287.1062755584717
39.12,-0.30920218181808995,-0.026249817033156552,-2.5028741586124856,0.532074,-0.240493,-1.364292,0.8681277299696102,1000,284.99794006347656
39.22,-0.32609472266212247,-0.016550370731047863,-2.488342507257402,0.535151,-0.255179,-1.364286,0.8936933576515944,1000,303.0378818511963
39.32,-0.3396520770708735,-0.016708747557386328,-2.474013664962205,0.538228,-0.269861,-1.364283,0.9136517348720636,1000,292.00267791748047
39.42,-0.3469302916330745,-0.027161676364567518,-2.4646692898047564,0.541304,-0.284543,-1.364283,0.9247731087078803,1000,285.95852851867676
39.52,-0.3593381887761124,-0.02394093874458195,-2.4622428262773353,0.54438,-0.299224,-1.364283,0.944715474912384,1000,279.54983711242676
39.62,-0.37298536830873524,-0.022472872413898688,-2.458667060792479,0.547456,-0.313905,-1.364282,0.9654765649581655,1000,278.99742126464844
39.72,-0.3883409491592525,-0.03510664613198554,-2.4409198656241258,0.550531,-0.328587,-1.364282,0.9836723311268795,1000,283.9977741241455
39.82,-0.40326922386870706,-0.042219181435099125,-2.4332304131848876,0.553607,-0.343268,-1.364282,1.0031163935279686,1000,299.5185852050781
39.92,-0.41713428813773173,-0.03966531688447124,-2.4983748148415192,0.554881,-0.349937,-1.415651,1.0203343754460206,1000,282.9570770263672
40.02,-0.4234567923882123,-0.035685645296746116,-2.531980708041852,0.555443,-0.355165,-1.478016,1.0297144563515135,1000,294.5127487182617
40.12,-0.43592798995040943,-0.02664524167709726,-2.52944273015375,0.556829,-0.37011,-1.478,1.0504924946448724,1000,303.9982318878174
40.22,-0.44697376288447144,-0.028208798346198424,-2.517105037773926,0.557885,-0.382845,-1.489429,1.0656021625677878,1000,293.03479194641113
40.32,-0.3787821581827188,0.03899943772933776,-2.6066196019297347,0.557864,-0.38301,-1.581407,1.02732565001127,1000,296.722412109375
40.42,-0.3398938747578378,0.06829738312310404,-2.6888998289659582,0.557857,-0.383004,-1.671347,1.0048032501625825,1000,301.96070671081543
40.52,-0.34665963502063935,0.1555706527033299,-2.7652352859957303,0.557851,-0.38298,-1.761516,1.052699527117127,1000,313.02690505981445
40.62,-0.2778706508845723,0.22959784555447504,-2.876807997612539,0.557845,-0.382957,-1.851667,1.0361679824940024,1000,287.5657081604004
40.72,-0.21828595200922762,0.2856450799707828,-2.954552555902279,0.557839,-0.38294,-1.941741,1.0243905262598165,1000,302.9608726501465
40.82,-0.12053754510501712,0.3326951535869382,-3.011738177442216,0.557833,-0.382926,-2.031771,0.9860528545302114,1000,298.0334758758545
40.92,-0.10801972078571706,0.37023217540761966,-3.037787137041333,0.55366,-0.390564,-2.071195,1.008281148000857,1000,293.7154769897461
41.02,-0.10648986457456552,0.39782112224139116,-3.0230562970492274,0.54646,-0.403734,-2.071166,1.03384434981256,1000,284.1157913208008
41.12,-0.07696769794106145,0.41338191169262256,-3.0921556364282208,0.544784,-0.406793,-2.142252,1.0292045761959059,1000,287.0357036590576
41.22,-0.05108445262213362,0.43199357166017416,3.119441494797097,0.544784,-0.406778,-2.23225,1.0288814131159987,1000,298.96092414855957
41.32,0.059398188642816464,0.4365508897604904,3.020583840848322,0.544781,-0.406765,-2.322246,0.9730252635381729,1000,295.7029342651367
41.42,0.12776026271029636,0.44321094178038534,2.905732706332311,0.544777,-0.406754,-2.412219,0.9467541187845361,1000,298.9997863769531
41.52,0.15894352116114452,0.44493269833394594,2.8789837739519877,0.538067,-0.412423,-2.449596,0.9374398144268058,1000,311.51723861694336
41.62,0.17792123585683337,0.45317517902033405,2.8613730876424506,0.526511,-0.422002,-2.449572,0.9420456031123855,1000,301.0413646697998
41.72,0.20628562600463138,0.4530662000587055,2.8384294978878595,0.51496,-0.431576,-2.449567,0.9369480728867207,1000,282.9580307006836
41.82,0.23992936910972898,0.4531248969501328,2.8244957062212515,0.50341,-0.441149,-2.449565,0.9322809907000743,1000,314.01634216308594
41.92,0.25740552691925167,0.45717514733323206,2.807091477377991,0.491861,-0.450721,-2.449565,0.937680533657409,1000,305.5157661437988
42.02,0.2557343491983957,0.4674387860373833,2.8158851699369527,0.480312,-0.460292,-2.449565,0.9545258155760422,1000,287.5335216522217
42.12,0.25100488157185236,0.4819568049497296,2.814758442327061,0.468762,-0.469864,-2.449564,0.9764123142204227,1000,286.9994640350342
42.22,0.2656949563476583,0.4861254811987719,2.7834963286179204,0.457213,-0.479436,-2.449564,0.9843719495288284,1000,313.9982223510742
42.32,0.29125608363090494,0.4822739716949956,2.732364675073688,0.445664,-0.489007,-2.449564,0.9834777733198754,1000,312.5288486480713
42.42,0.28877525729254827,0.4800119114568305,2.717204428310457,0.434114,-0.498579,-2.449564,0.9893247809075103,1000,304.5523166656494
42.52,0.3030254749933035,0.4881018330884257,2.6870767784454705,0.422565,-0.50815,-2.449564,1.0033979335093706,1000,317.000150680542
42.62,0.2980455311869816,0.4941264522137014,2.678332325096943,0.411016,-0.517722,-2.449564,1.0181353628428276,1000,295.00365257263184
42.72,0.3084350147609615,0.4943229751559983,2.6387316849034117,0.399467,-0.527293,-2.449564,1.0256636987972723,1000,302.7334213256836
42.82,0.3213386428620247,0.48437306452249235,2.5354498622054447,0.399179,-0.527523,-2.539274,1.014885592860336,1000,301.96428298950195
42.92,0.3274202387117429,0.4837348469946419,2.4903720620617165,0.389561,-0.53414,-2.557374,1.0197699144208217,1000,314.5110607147217
43.02,0.321392645147602,0.496663568821971,2.505220088336209,0.377045,-0.542417,-2.557367,1.0405698501801828,1000,290.0066375732422
43.12,0.32382080389420087,0.513101748781334,2.501635338984932,0.364531,-0.550692,-2.557365,1.064572430609217,1000,307.99365043640137
43.22,0.3286937413576843,0.5252077468416717,2.4921635030506413,0.352019,-0.558966,-2.557364,1.0844246313282635,1000,305.44304847717285
43.32,0.32669335998905946,0.5291823031333334,2.4782048682187603,0.339507,-0.567239,-2.557364,1.096496175704652,1000,313.4739398956299
43.42,0.3296545954460833,0.5376812888735071,2.474771474321247,0.326994,-0.575512,-2.557364,1.1131964683563917,1000,301.9998073577881
43.52,0.3291276275978128,0.5514328119873637,2.465526056326466,0.314482,-0.583786,-2.557364,1.1353132807721995,1000,298.5203266143799
43.62,0.3318468338042266,0.5578035986768554,2.413809639188723,0.306644,-0.588799,-2.592201,1.1468795499634132,1000,299.70836639404297
43.72,0.32634566853303654,0.559253180571068,2.3446294916214767,0.304495,-0.590163,-2.664261,1.149623854951663,1000,284.00158882141113
43.82,0.32937213722511904,0.5697353518098135,2.342161601502141,0.291162,-0.59706,-2.664244,1.1674208356851221,1000,295.6242561340332
43.92,0.3284864410574142,0.5866030556077639,2.333526221281992,0.277836,-0.603954,-2.66424,1.1916339915581204,1000,282.96494483947754
44.02,0.325325116081628,0.5942990853580878,2.287504254221773,0.272074,-0.606731,-2.717881,1.2022100262845903,1000,281.9995880126953
44.12,0.433820572974849,0.43740641773984673,2.2232095874895443,0.27208,-0.60672,-2.80784,1.056579381385269,1000,287.6007556915283
44.22,0.47259743386982417,0.3786654462959117,2.148788623338193,0.272082,-0.606709,-2.897791,1.0055691118132948,1000,286.00049018859863
44.32,0.49880623794738144,0.34316657948616003,2.091473032646211,0.269775,-0.607123,-2.977185,0.9774996638545166,1000,280.99989891052246
44.42,0.5194327316465104,0.32579548605333414,2.08020739008612,0.254962,-0.609577,-2.977151,0.9720424144877811,1000,283.1001281738281
44.52,0.5372108878188171,0.31181123028279384,2.0761098212524267,0.240159,-0.612034,-2.977143,0.9704276549918553,1000,292.03057289123535
44.62,0.5389357801244171,0.3097405231822952,2.085321436678261,0.22536,-0.614491,-2.97714,0.9759783185729601,1000,301.00440979003906
44.72,0.5655267811090972,0.2748509326665673,1.9764220816960782,0.224504,-0.614534,-3.063758,0.9525240656748246,1000,318.96114349365234
44.82,0.5734626677281243,0.2612506281068798,1.954213728369059,0.213312,-0.615202,-3.090747,0.9475640942862232,1000,302.0620346069336
44.92,0.5890102172922359,0.2398990925930549,1.9336498707025682,0.198325,-0.615962,-3.090736,0.9408151512519658,1000,296.0033416748047
45.02,0.6000695128573474,0.22200215101009027,1.9127526508587702,0.183343,-0.616724,-3.090733,0.9365482063975381,1000,297.5339889526367
45.12,0.611319818038961,0.20832005213973484,1.8968485336141045,0.168361,-0.617487,-3.090733,0.9371071453372832,1000,301.5625476837158
45.22,0.6205026304040095,0.05624108057646576,1.7746773724342608,0.167326,-0.61744,3.10811,0.811920720680909,1000,300.0006675720215
45.32,0.6198837369065574,0.01650237933935783,1.73574825649368,0.156165,-0.616763,3.080839,0.7848949659846428,1000,279.6297073364258
45.42,0.6255285898666519,-0.003560059282263159,1.7150363433295288,0.141187,-0.615849,3.080849,0.7806948972548778,1000,281.7244529724121
45.52,0.6312370511195298,-0.009822849305901172,1.693378503753038,0.126213,-0.614938,3.080852,0.7881710714107206,1000,299.47710037231445
45.62,0.6363288856005763,-0.01834473859050143,1.6805310490031908,0.11124,-0.614028,3.080853,0.7940761208503326,1000,292.9997444152832
45.72,0.641760576818987,-0.02684394982986567,1.708964241875799,0.101239,-0.613533,3.111461,0.7977265299564873,1000,291.0010814666748
45.82,0.6460984205162082,-0.03228075366506872,1.7810268775327383,0.099085,-0.613637,-3.090332,0.7982473096587821,1000,294.52061653137207
45.92,0.6470803630563083,-0.021484840325644947,1.7736793226113823,0.084094,-0.614414,-3.090346,0.8176298877728886,1000,297.55210876464844
46.02,0.6489014432142886,-0.003589712529332524,1.7625826094847177,0.06911,-0.615184,-3.090353,0.8427370230927682,1000,298.9964485168457
46.12,0.6479604611097126,-0.001371498396444788,1.746092190152443,0.054129,-0.615952,-3.090355,0.8546022449976209,1000,306.00690841674805
46.22,0.6468463563066894,0.013313193980756166,1.7372563525388738,0.039148,-0.61672,-3.090355,0.8753508541010543,1000,287.9934310913086
46.32,0.6468671519245078,0.029617436270557924,1.7340532354789515,0.024167,-0.617488,-3.090355,0.8980539654484658,1000,294.12198066711426
46.42,0.6481540359517295,0.04106312927219171,1.7274580813262668,0.009187,-0.618256,-3.090355,0.9181397427718614,1000,302.9670715332031
46.52,0.6494199642479299,0.05316721606821169,1.7164194773806185,-0.005793,-0.619025,-3.090355,0.9386939884015731,1000,301.53512954711914
46.62,0.650138337812672,0.06210856897851063,1.7038025952949165,-0.020774,-0.619793,-3.090355,0.9566154477137715,1000,283.9996814727783
46.72,0.6517119785880631,0.07352226767140989,1.6971001016570948,-0.035754,-0.620561,-3.090355,0.9769140464633852,1000,297.99914360046387
46.82,0.6533064944156428,0.0762611392788604,1.6763260614780424,-0.050734,-0.621329,-3.090355,0.9911130208992932,1000,292.0372486114502
46.92,0.6547758462454825,0.08944668377103068,1.667016347564014,-0.065715,-0.622098,-3.090355,1.012621793428498,1000,282.0000648498535
47.02,0.6551370850305374,0.09967389091864332,1.6668838916515316,-0.080695,-0.622866,-3.090355,1.0312675459496983,1000,285.0039005279541
47.12,0.6525913488332593,0.11228776833919983,1.6581302175709398,-0.095675,-0.623634,-3.090355,1.0495157825929782,1000,283.5836410522461
47.22,0.6533899516066016,0.12603909261044519,1.6526067279921028,-0.110655,-0.624402,-3.090355,1.0709465540137346,1000,285.9997749328613
47.32,0.6553277031921775,0.13740981151761203,1.6486282729594017,-0.125636,-0.62517,-3.090355,1.09152749605215,1000,291.1081314086914
47.42,0.6583773838867635,0.14417028547613459,1.636897804921451,-0.140616,-0.625939,-3.090355,1.1097111061314038,1000,298.0351448059082
47.52,0.6584710690402451,0.15441185254599726,1.6288190418895292,-0.155596,-0.626707,-3.090355,1.1282073633417533,1000,285.9609127044678
47.62,0.6587601137012975,0.16746868448904675,1.622345455211859,-0.170577,-0.627475,-3.090355,1.1487974189000512,1000,290.0421619415283
47.72,0.6595609079551471,0.1810655080319361,1.6246589485048137,-0.185557,-0.628243,-3.090355,1.170130137856197,1000,276.0026454925537
47.82,0.6597118408540235,0.18850078912151386,1.6179299807363832,-0.200537,-0.629012,-3.090355,1.1867414329026893,1000,266.9992446899414
47.92,0.661287830236459,0.19298091751301083,1.5859640847743413,-0.213386,-0.629591,-3.100681,1.2006993248859388,1000,282.12690353393555
48.02,0.6623806427375752,0.1928460473638045,1.5057514606050764,-0.2157,-0.629501,3.098912,1.203029626176513,1000,253.00240516662598
48.12,0.6647532754939112,0.1959974066244598,1.498100664866818,-0.227241,-0.628979,3.098814,1.2150061147998037,1000,259.995698928833
48.22,0.666733979773445,0.20906874497372477,1.494799290605735,-0.242231,-0.628335,3.098819,1.2359054844730475,1000,260.0364685058594
48.32,0.6657509584136837,0.22271002703693296,1.499887689824183,-0.257219,-0.627694,3.098821,1.2550141645952804,1000,266.53099060058594
48.42,0.6670751119818041,0.23684996210079107,1.5005666194878846,-0.272205,-0.627052,3.098821,1.2761558403604738,1000,281.51631355285645
48.52,0.6657777604689336,0.25330884449309743,1.5062222567838086,-0.287192,-0.626411,3.098821,1.2969419297575262,1000,295.47882080078125
48.62,0.6637490593442735,0.26871083153471703,1.5121880667402032,-0.302178,-0.62577,3.098821,1.3164767532913426,1000,264.0032768249512
48.72,0.6650520278425911,0.28521956457817643,1.515074875443019,-0.317164,-0.625128,3.098821,1.3392091000602913,1000,290.00043869018555
48.82,0.6658533281740115,0.29931406183399384,1.5136827030322442,-0.332151,-0.624487,3.098821,1.35993420462156,1000,285.6302261352539
48.92,0.6633824763028934,0.31674520132407685,1.520757371943016,-0.347137,-0.623846,3.098821,1.380529398453993,1000,289.51239585876465
49.02,0.6669614197288798,0.3266343757007496,1.4935192669705009,-0.360019,-0.623302,3.088889,1.3989524296365412,1000,282.99999237060547
49.12,0.641611395381645,0.26604480608332876,1.4161953494781365,-0.360187,-0.623289,2.996747,1.3395949550636186,1000,271.99673652648926
49.22,0.6409197384208343,0.25203031301883294,1.394007854626999,-0.371353,-0.621354,2.971114,1.3369727952271107,1000,268.04113388061523
49.32,0.64223533843936,0.24777774089280621,1.3911838108335692,-0.386142,-0.618806,2.971125,1.3448149799118807,1000,280.6582450866699
49.42,0.6430180578513006,0.2707416813948844,1.4013419184100953,-0.400926,-0.616261,2.971129,1.3698879343671708,1000,295.0427532196045
49.52,0.6442585190746144,0.27870548096971853,1.399894905353838,-0.41571,-0.613717,2.971129,1.3856230172631296,1000,289.51096534729004
49.62,0.6490631179527097,0.2949298472292376,1.4099268388286486,-0.430492,-0.611172,2.971129,1.409418252418396,1000,293.7135696411133
49.72,0.6495805750097977,0.294948455771068,1.3310771684082194,-0.434336,-0.610544,2.902921,1.4123709601373464,1000,277.00018882751465
49.82,0.6459450062903663,0.2872816744007707,1.3092020091528456,-0.442476,-0.608175,2.860931,1.4094335538304108,1000,289.4434928894043
49.92,0.643958920654843,0.29680663120628553,1.3179760447087716,-0.456896,-0.604016,2.860942,1.422449636796817,1000,283.0038070678711
50.02,0.6463245870935364,0.30410828137362983,1.321937163502217,-0.471311,-0.599861,2.860946,1.4374525269396101,1000,289.64734077453613
50.12,0.6518941219153374,0.3190448893620073,1.3263089131876802,-0.485725,-0.595706,2.860947,1.4597761664501878,1000,312.99901008605957
50.22,0.6540472657836857,0.32958724211907164,1.3286928720442508,-0.500138,-0.591552,2.860947,1.4766994044570665,1000,309.24296379089355
50.32,0.6533111622685626,0.3426795875822992,1.3419498172718782,-0.514552,-0.587397,2.860947,1.49296578144064,1000,315.0002956390381
50.42,0.6638590937402978,0.3250637603426746,1.2632505713837492,-0.515277,-0.587249,2.773773,1.4908643466946276,1000,289.5228862762451
50.52,0.6004219214216799,0.11415108837548976,1.201573722161568,-0.515257,-0.587246,2.683705,1.3178381278769626,1000,282.99975395202637
50.62,0.5922572609915532,0.03372179795901422,1.1132956405541357,-0.515241,-0.587242,2.593664,1.2697040743712678,1000,282.001256942749
50.72,0.5256721486367713,-0.16932864975842124,1.0156824503709556,-0.515228,-0.587237,2.50366,1.121659711603163,1000,273.4382152557373
50.82,0.5223787728923734,-0.21949919223386,0.9223615594394763,-0.515217,-0.587232,2.413682,1.100832596642964,1000,278.6228656768799
50.92,0.5321755397379152,-0.31904045012831417,0.8337971876453962,-0.515207,-0.587228,2.323719,1.0811728568799825,1000,287.99939155578613
51.02,0.42792648714368564,-0.4428873866421459,0.7429089782954232,-0.515197,-0.587224,2.233766,0.9541042762495515,1000,282.55724906921387
51.12,0.38539738194328316,-0.5045959830775064,0.6481011557962222,-0.515188,-0.587221,2.143822,0.9043676926954941,1000,292.96350479125977
51.22,0.25262138665623013,-0.5898422231525899,0.58830819328842,-0.515178,-0.587218,2.053885,0.7678038712437166,1000,282.00292587280273
51.32,0.21413048466867599,-0.6015956117610962,0.5264920881022883,-0.515169,-0.587215,1.963953,0.7294412521462025,1000,272.0003128051758
51.42,0.18388866243268903,-0.6084670370649403,0.4549143883016817,-0.517123,-0.582134,1.908524,0.7015060795942583,1000,270.0002193450928
51.52,0.17886072991531266,-0.6128410967067551,0.4684761302410724,-0.5221,-0.567971,1.908561,0.7023953804388817,1000,300.07266998291016
51.62,0.17581465792830278,-0.6075067866854107,0.46494486768092275,-0.527073,-0.553815,1.908567,0.7049353641472432,1000,289.5376682281494
51.72,0.17537956883232725,-0.6033917466176483,0.46238494853828116,-0.532045,-0.539662,1.908569,0.710289378487074,1000,280.99870681762695
51.82,0.1822796813311361,-0.5979361003489939,0.472157040469006,-0.537017,-0.525509,1.90857,0.7229338840025064,1000,302.9963970184326
51.92,0.18080319431487285,-0.5989519668284871,0.4493299814985106,-0.541055,-0.513685,1.892752,0.726876680277789,1000,321.03943824768066
52.02,0.05852152943031172,-0.6337863658574505,0.360316095405921,-0.541023,-0.513606,1.80171,0.6114711465862022,1000,286.47708892822266
52.12,0.031800420202249026,-0.6360681928755262,0.3174902744976048,-0.54262,-0.505383,1.758602,0.5890988361745776,1000,286.5478992462158
52.22,0.03894914592629704,-0.6271754073311732,0.3184998819323844,-0.54542,-0.490638,1.758618,0.600108125516851,1000,287.0032787322998
52.32,0.03207496182270111,-0.6245427036969036,0.3006698079827926,-0.547741,-0.478188,1.745548,0.5980018803303151,1000,305.8772087097168
52.42,-0.0049377326894234725,-0.613572374980132,0.19988306750457616,-0.547702,-0.478026,1.653583,0.5594335256663133,1000,331.00056648254395
52.52,-0.03688709989905938,-0.5986473465273583,0.15888081875459084,-0.547857,-0.472879,1.590022,0.5262204061012752,1000,293.1339740753174
52.62,-0.05336736693323365,-0.5770904703433265,0.14665663293386197,-0.548141,-0.45787,1.590043,0.5089346407221375,1000,299.999475479126
52.72,-0.055488910079787956,-0.5661703319071424,0.146113587141551,-0.548429,-0.442869,1.590052,0.5081271009310782,1000,296.00071907043457
52.82,-0.07509545252990987,-0.5632096644141207,0.12422980251255691,-0.548719,-0.427871,1.590054,0.49258077388744137,1000,293.9953804016113
52.92,-0.08603141352154124,-0.55630638557614,0.11418879476047497,-0.549008,-0.412873,1.590054,0.4846859351426236,1000,306.00452423095703
53.02,-0.09940830467322799,-0.5507751561308655,0.10357429254324307,-0.549297,-0.397876,1.590054,0.475161014950044,1000,299.12590980529785
53.12,-0.11145267036648805,-0.5475638337665584,0.07749365275029062,-0.549586,-0.382879,1.590054,0.46806186450988146,1000,308.99834632873535
53.22,-0.13866574804598766,-0.5545408139401259,0.025759536299816484,-0.549875,-0.367882,1.590054,0.45159114441507037,1000,287.0001792907715
53.32,-0.14161210401765348,-0.5513721102124708,0.015872397787957286,-0.550164,-0.352884,1.590054,0.45421600765108233,1000,321.03919982910156
53.42,-0.14214130081277693,-0.5525435703295932,0.00901808569686089,-0.550452,-0.337887,1.590054,0.4612971604686318,1000,297.1680164337158
53.52,-0.1607304584573084,-0.5549438593387013,-0.06992088218901057,-0.55055,-0.330777,1.542365,0.44967772436972164,1000,290.00043869018555
53.62,-0.16765386485205402,-0.5552525684327542,-0.11267722221832395,-0.549949,-0.322605,1.497306,0.44752034753233216,1000,295.0003147125244
53.72,-0.16134802457949152,-0.5557245887005341,-0.11519508839994265,-0.548842,-0.30764,1.497315,0.46010601402057644,1000,297.03664779663086
53.82,-0.15579296558329067,-0.5534826037775428,-0.11436284578321938,-0.54774,-0.292678,1.497318,0.4707881892524643,1000,282.96422958374023
53.92,-0.14803146138048923,-0.5560699851134081,-0.1211955206880474,-0.546639,-0.277718,1.497319,0.48617671423144043,1000,300.7183074951172
54.02,-0.2937469567240513,-0.5312642429289093,-0.1818282631048143,-0.546574,-0.276701,1.412754,0.3587812125267171,1000,300.72641372680664
54.12,-0.3094673595014931,-0.48984743415577275,-0.23736395730524523,-0.546569,-0.276727,1.322609,0.31880637914230675,1000,318.9990520477295
54.22,-0.3111276979406378,-0.4745939478264247,-0.21766833234537633,-0.542913,-0.262739,1.316285,0.31401742812985217,1000,311.57779693603516
54.32,-0.2902762985551688,-0.4734935772143667,-0.2003987236007632,-0.539134,-0.248217,1.316298,0.33567795848078147,1000,322.95870780944824
54.42,-0.2794618574641922,-0.4732942898729718,-0.18907385274646152,-0.535358,-0.233699,1.316302,0.3505549011125359,1000,300.51374435424805
54.52,-0.2643033736893561,-0.47216709280057206,-0.17359334782073263,-0.531582,-0.219181,1.316302,0.36802150376439213,1000,291.0017967224121
54.62,-0.26191360295362776,-0.46779557742668554,-0.21209035299270862,-0.529928,-0.212606,1.265323,0.3700722057265863,1000,294.9998378753662
54.72,-0.27392394127376074,-0.4553007427224787,-0.28575054649111425,-0.529926,-0.212626,1.17528,0.35274365313566464,1000,294.53396797180176
54.82,-0.27242983853519964,-0.44984696903246546,-0.3076695791121925,-0.526279,-0.204784,1.135254,0.35283885212287697,1000,293.5373783111572
54.92,-0.26471962428076173,-0.446149450934589,-0.29177385526509325,-0.519947,-0.191177,1.135271,0.36076580222094307,1000,297.548770904541
55.02,-0.27869190665180577,-0.4435594316064484,-0.3524575246562501,-0.517182,-0.185241,1.082601,0.351576359746849,1000,299.96347427368164
55.12,-0.27012697226152943,-0.39754186048691226,-0.43219505320643725,-0.517182,-0.185258,0.992599,0.325730907581831,1000,304.6879768371582
55.22,-0.25502496953618886,-0.2773293059285075,-0.5244043934342395,-0.517179,-0.185272,0.902586,0.2778475899899721,1000,327.9609680175781
55.32,-0.2442556712179515,-0.2183264995408352,-0.601896196151882,-0.517175,-0.185284,0.812599,0.2749122892828729,1000,305.53293228149414
55.42,-0.23790869464901354,-0.1785248568052196,-0.6566533193487283,-0.515109,-0.183406,0.738279,0.27724327736767235,1000,295.96519470214844
55.52,-0.2257851223515668,-0.1542650745950226,-0.6590661010634505,-0.504004,-0.1733,0.738315,0.27886927450891197,1000,289.95776176452637
55.62,-0.22401609990705446,-0.15002839761445766,-0.668392376758062,-0.492907,-0.163201,0.738325,0.26921336075017155,1000,287.0051860809326
55.72,-0.21270994887127495,-0.13792668450767223,-0.6630557903303956,-0.481812,-0.153103,0.738327,0.269529654163711,1000,295.0325012207031
55.82,-0.2037987343944686,-0.12916196765987045,-0.6654701665423829,-0.470718,-0.143007,0.738328,0.2672780935129092,1000,290.00186920166016
55.92,-0.1914317381813894,-0.11060102295971863,-0.6809507866717451,-0.459624,-0.132911,0.738329,0.26911860651935615,1000,283.8146686553955
56.02,-0.18454375512345064,-0.10118659662961652,-0.6868098433589426,-0.44853,-0.122815,0.738329,0.26487077097402323,1000,295.0019836425781
56.12,-0.18149427870135199,-0.04759872525675693,-0.7893500612815287,-0.448261,-0.122578,0.648569,0.2771035460499437,1000,286.998987197876
56.22,-0.17709847119458721,-0.0085158864996943,-0.881058423523281,-0.448263,-0.122592,0.558589,0.29418287059853804,1000,303.51781845092773
56.32,-0.2665468933161271,0.12182268801085282,-0.9640795252252246,-0.448261,-0.122604,0.468626,0.30457252400679996,1000,306.99610710144043
56.42,-0.22817193918431047,0.20194188857804127,-1.0619448267628613,-0.448259,-0.122614,0.378683,0.3921413509809581,1000,302.51455307006836
56.52,-0.19268832138896994,0.2325829067261202,-1.1477442749693727,-0.448258,-0.122624,0.288752,0.4375931983146949,1000,291.994571685791
56.62,-0.17625307749244523,0.22475405252125608,-1.1329934246297282,-0.434442,-0.118459,0.285302,0.42948424782123334,1000,300.0013828277588
56.72,-0.16915981043458403,0.2325228590511332,-1.1338157455835314,-0.420043,-0.114234,0.285314,0.4279984744196221,1000,297.00350761413574
56.82,-0.15115622922530877,0.22531301622989247,-1.1274453606403871,-0.405647,-0.11001,0.285318,0.4209597102134706,1000,296.9992160797119
56.92,-0.13486431927172418,0.2318513154335933,-1.1382288850323692,-0.391253,-0.105788,0.285319,0.42395219415878865,1000,306.5190315246582
57.02,-0.12860842127500072,0.2746820305379768,-1.249758158635761,-0.390616,-0.105746,0.197378,0.46192364924123613,1000,300.99940299987793
57.12,-0.12243953494027321,0.2691490759588263,-1.3267894177676243,-0.390621,-0.105756,0.107427,0.4609502296140819,1000,318.5315132141113
57.22,-0.09572929621656039,0.2775170504266369,-1.4122847439713275,-0.388462,-0.105634,0.026017,0.4821795965274746,1000,312.00122833251953
57.32,-0.08804072873247193,0.2635060486628435,-1.3862366002410442,-0.373453,-0.10525,0.026043,0.46630589532572114,1000,303.51924896240234
57.42,-0.07865407657790678,0.25260608601529677,-1.374741536355979,-0.358454,-0.104859,0.026057,0.4539485487001062,1000,294.9962615966797
57.52,-0.05532467687487783,0.24569732967065927,-1.3795545413903882,-0.343457,-0.104467,0.026061,0.453470278412138,1000,306.5924644470215
57.62,-0.026114640315047767,0.2507688585666033,-1.3926608137629846,-0.328462,-0.104076,0.026062,0.46618537038351443,1000,329.9994468688965
57.72,-0.013842850596588725,0.24781918166726918,-1.3978423996971874,-0.324954,-0.103997,0.025798,0.4696432400940619,1000,306.0011863708496
57.82,-0.003928462439453914,0.254855713308304,-1.3881365455350225,-0.324954,-0.103997,0.025798,0.4814900472644989,1000,283.04171562194824
57.92,0.016127252739539372,0.2711102226508412,-1.421278722964693,-0.324954,-0.103997,0.025798,0.5069929481316297,1000,280.99966049194336
58.02,0.030236417934834427,0.2808716416267754,-1.456644306535644,-0.324954,-0.103997,0.025798,0.5237213995058457,1000,285.0003242492676
58.12,0.058552692281837515,0.2916169768194332,-1.502257365872459,-0.324954,-0.103997,0.025798,0.5509880231727755,1000,282.99999237060547
58.22,0.07143919819274311,0.29979413049643877,-1.5185446378432654,-0.324954,-0.103997,0.025798,0.5658399461341196,1000,291.001558303833
58.32,0.09027465789073338,0.30376225345504676,-1.5459322790137318,-0.324954,-0.103997,0.025798,0.5819643005476854,1000,291.520357131958
58.42,0.10580405664120464,0.3096931819343599,-1.5835110922203537,-0.324954,-0.103997,0.025798,0.5972370299890916,1000,286.6058349609375
58.52,0.11690470563881353,0.3107687073907872,-1.5948952262398193,-0.324954,-0.103997,0.025798,0.6060278110583605,1000,284.9612236022949
58.62,0.12081879483262332,0.31099356699746994,-1.5965281127016813,-0.324954,-0.103997,0.025798,0.6090406844454398,1000,328.0012607574463
58.72,0.12682650436449164,0.30990508264264216,-1.605190209240952,-0.324954,-0.103997,0.025798,0.6127157237575604,1000,303.9984703063965
58.82,0.1408651572324889,0.3147753995656577,-1.626101711413437,-0.324954,-0.103997,0.025798,0.6263847139600113,1000,296.511173248291
58.92,0.14440086995483184,0.31387031266491505,-1.628269026177873,-0.324954,-0.103997,0.025798,0.6284163309018274,1000,295.5739498138428
59.02,0.14903325942851164,0.3133190953672541,-1.6329065106946075,-0.324954,-0.103997,0.025798,0.6315193152652754,1000,301.9990921020508
59.12,0.14902887716446775,0.31768648233109076,-1.6302902585737762,-0.324954,-0.103997,0.025798,0.6344105351552591,1000,312.00122833251953
59.22,0.14987984646737507,0.31522871497386007,-1.625362405945451,-0.324954,-0.103997,0.025798,0.6334172257259404,1000,311.434268951416
59.32,0.15312457208858118,0.31668715924562846,-1.6296284489623356,-0.324954,-0.103997,0.025798,0.636815737031096,1000,311.6271495819092
59.42,0.15224932883834205,0.3172392806645118,-1.6284146827219417,-0.324954,-0.103997,0.025798,0.6365241717346374,1000,315.51074981689453
59.52,0.1586548583868703,0.3155593635321364,-1.6348903945110225,-0.324954,-0.103997,0.025798,0.6402382916466042,1000,292.00267791748047
59.62,0.1574543884497062,0.31608799146038,-1.6305825513376964,-0.324954,-0.103997,0.025798,0.6396790236492911,1000,289.95823860168457
59.72,0.1600253950755087,0.31742563187693307,-1.6302899974517586,-0.324954,-0.103997,0.025798,0.6424967301908138,1000,291.0041809082031
