t,x_est,y_est,theta_est,x_gt,y_gt,theta_gt,error,n_particles
1,-0.06647723308091597,-0.1487717764409532,-1.8780915049150277,-0.547518,-0.55,-8.2e-05,0.6264058642912349,1141
2,-0.21719215653096927,-0.21729940864001335,-1.9008856563516547,-0.544518,-0.55,-8.2e-05,0.4667246418328448,746
3,-0.31482481999045403,-0.32903251909694686,-1.7930884232736584,-0.541518,-0.550001,-8.2e-05,0.316570477801458,500
4,-0.3685855574765549,-0.3922592192923641,-1.7462610148240911,-0.538518,-0.550001,-8.2e-05,0.23186095920357067,500
5,-0.3605210001454076,-0.4275208652588386,-1.6541801927428403,-0.535518,-0.550001,-8.2e-05,0.21360087397836477,500
6,-0.3724445446795727,-0.43679389749771214,-1.6338546074782032,-0.532518,-0.550001,-8.2e-05,0.19605958062585044,500
7,-0.3560130443051011,-0.45573406323308624,-1.5623198590975018,-0.529518,-0.550002,-8.2e-05,0.197459903658894,500
8,-0.35199013313303984,-0.4589325251192485,-1.5501411359273558,-0.526518,-0.550002,-8.2e-05,0.1968594055873054,500
9,-0.34637919091798286,-0.5132084640547246,-1.4700879240592697,-0.523518,-0.550002,-8.2e-05,0.1809196561193714,500
10,-0.3238865752330381,-0.5294680399751385,-1.3824093789170298,-0.520518,-0.550002,-8.2e-05,0.19770068467303806,500
11,-0.3088247438590582,-0.5521019742011399,-1.3196487818122185,-0.517518,-0.550003,-8.2e-05,0.20870381130062238,500
12,-0.28993022761577064,-0.5617963212325306,-1.2627253944577053,-0.514518,-0.550003,-8.2e-05,0.2248971985823836,500
13,-0.28036852326416994,-0.5531989332978898,-1.251518587544988,-0.511518,-0.550003,-8.2e-05,0.2311715695860817,500
14,-0.27457570913801954,-0.571190859368263,-1.2268000663691445,-0.508518,-0.550003,-8.2e-05,0.23489981021354778,500
15,-0.2667008812717693,-0.5970397781304895,-1.1942761246136864,-0.505518,-0.550004,-8.2e-05,0.243404972467685,500
16,-0.2510863995341075,-0.6179640976831421,-1.1587207674934834,-0.502518,-0.550004,-8.2e-05,0.26045426583172415,500
17,-0.24380905366956887,-0.6206692067068315,-1.1473493941077564,-0.499518,-0.550004,-8.2e-05,0.26529349157553517,500
18,-0.24308202130292328,-0.6279250303696707,-1.1432158397275392,-0.496518,-0.550004,-8.2e-05,0.26514426690391835,500
19,-0.24201652492899606,-0.6416779147961956,-1.1333613181426265,-0.493518,-0.550005,-8.2e-05,0.2676880932542973,500
20,-0.23948930867989726,-0.6415559641221891,-1.1329961456629372,-0.490518,-0.550005,-8.2e-05,0.26720213864710324,500
21,-0.23822177020322416,-0.6529547643951862,-1.1274764469986185,-0.487518,-0.550005,-8.2e-05,0.26971700758371026,500
22,-0.23543318445464162,-0.6592720869327325,-1.1236186185714643,-0.484518,-0.550005,-8.2e-05,0.271997319144933,500
23,-0.23485262040102103,-0.6602593046308235,-1.1256173057129504,-0.481518,-0.550005,-8.2e-05,0.2701847908049874,500
24,-0.23268159597982732,-0.6650334462639858,-1.1234708305457928,-0.478518,-0.550006,-8.2e-05,0.2714163792691659,556
25,-0.23226675570632888,-0.6656714961627129,-1.1255483376980995,-0.475518,-0.550006,-8.2e-05,0.2693504684476822,500
26,-0.2333999209011213,-0.6627749908334046,-1.1315675894607866,-0.472518,-0.550006,-8.2e-05,0.2643753033956124,500
27,-0.22886374294186335,-0.6729747907631141,-1.1236253558264158,-0.469518,-0.550006,-8.2e-05,0.270251355115837,514
28,-0.22837225851011275,-0.6738472794906627,-1.1257004389900287,-0.466518,-0.550007,-8.2e-05,0.2684209548714363,500
29,-0.2271027081312877,-0.6765046372234057,-1.1256204639963727,-0.463518,-0.550007,-8.2e-05,0.2681302714213238,500
30,-0.22672149844102255,-0.6771947836629035,-1.1276377528816863,-0.460518,-0.550007,-8.2e-05,0.2661532198833944,500
31,-0.2245185519519486,-0.6819135656581582,-1.125550887145188,-0.457518,-0.550007,-8.2e-05,0.267746306892227,500
32,-0.22240040859863114,-0.6864350165942099,-1.123592316917206,-0.454518,-0.550008,-8.2e-05,0.26924135472614463,500
33,-0.2210621142529761,-0.6892121618172729,-1.123568450126475,-0.451518,-0.550008,-8.2e-05,0.2692354247544234,500
34,-0.21936232115620802,-0.6927905430141268,-1.1227155848319363,-0.448518,-0.550008,-8.2e-05,0.26999848098820867,880
35,-0.21848436352597542,-0.6945850472839967,-1.1235169235805493,-0.445518,-0.550008,-8.2e-05,0.26915942244695534,500
36,-0.21692410353281777,-0.6978616947098418,-1.1229668777219668,-0.442518,-0.550009,-8.2e-05,0.26972768759659704,719
37,-0.21548302566591132,-0.7008699787058856,-1.1226823725592885,-0.439518,-0.550009,-8.2e-05,0.2700938811246443,921
38,-0.2144866988398116,-0.7029195419749793,-1.1233662740086623,-0.436518,-0.550009,-8.2e-05,0.26959141778248097,541
39,-0.2129082196323864,-0.7062137218093907,-1.1226352131811175,-0.433518,-0.550009,-8.2e-05,0.27031202398227844,929
40,-0.21296813751943564,-0.7060772037375272,-1.1254469941191012,-0.430518,-0.55001,-8.2e-05,0.2677403868447256,500
41,-0.21083812889392267,-0.710521479809058,-1.1234979064081096,-0.427518,-0.55001,-8.2e-05,0.26965552412854427,500
42,-0.21053620361623637,-0.7111810833725756,-1.1254565087209476,-0.424518,-0.55001,-8.2e-05,0.26788864720087,500
43,-0.20925853651016282,-0.7138444261020024,-1.1253349132861399,-0.421518,-0.55001,-8.2e-05,0.268133919930258,500
44,-0.20681459058125495,-0.7188697484814658,-1.1229058657323923,-0.418518,-0.550011,-8.2e-05,0.27079809914075786,655
45,-0.20526426963162145,-0.7220839584581691,-1.1226593517814885,-0.415518,-0.550011,-8.2e-05,0.27169051173415243,831
46,-0.20369889448790515,-0.7253291842565897,-1.1222472887666386,-0.412518,-0.550011,-8.2e-05,0.27265708235418884,1505
47,-0.20227000569525475,-0.7282851438962503,-1.1219609354252427,-0.409518,-0.550011,-8.2e-05,0.27337410544029345,2783
48,-0.20178902012691874,-0.7293744363678328,-1.12355551373472,-0.406518,-0.550012,-8.2e-05,0.27218530228445,500
49,-0.20009850598249979,-0.7328371787833375,-1.1226594478257834,-0.403518,-0.550012,-8.2e-05,0.2735041801206979,866
50,-0.1991767844289215,-0.7348001588411663,-1.1234892588028402,-0.400518,-0.550012,-8.2e-05,0.27328547113878493,500
51,-0.19761647158133425,-0.7380201974919033,-1.12328320755066,-0.397518,-0.550012,-8.2e-05,0.2744224906750049,583
52,-0.19590491639722044,-0.7415206730596465,-1.1224432355958052,-0.394518,-0.550013,-8.2e-05,0.2759027832750608,1253
53,-0.1951748746221882,-0.7430966813704345,-1.1234472932861075,-0.391518,-0.550013,-8.2e-05,0.27537598096908633,500
54,-0.1959712109558835,-0.7418531092026575,-1.1273898694043567,-0.388518,-0.550013,-8.2e-05,0.27180304168659897,500
55,-0.19471340772059795,-0.7445164055605576,-1.127460063090158,-0.385518,-0.550013,-8.2e-05,0.27246645153039234,500
56,-0.1924500179634407,-0.7490384022791904,-1.1253757008265624,-0.382518,-0.550014,-8.2e-05,0.2752027443504858,500
57,-0.1922222233004873,-0.7497552798265044,-1.127284477997604,-0.379518,-0.550014,-8.2e-05,0.27381798121417017,500
58,-0.19201684715269687,-0.7504941525921297,-1.1294101920961435,-0.376518,-0.550014,-8.2e-05,0.27245727552287446,500
59,-0.1907243558471409,-0.7532246573505845,-1.1293953573676183,-0.373518,-0.550014,-8.2e-05,0.27332780247084043,500
60,-0.1894108021299377,-0.7559752666717723,-1.1293326507327868,-0.370518,-0.550015,-8.2e-05,0.2742616425383861,500
61,-0.18804034603404368,-0.7588870649830372,-1.129306986546652,-0.367518,-0.550015,-8.2e-05,0.2753902100718209,500
62,-0.1832462662319454,-0.7679447275127758,-1.1230318814092861,-0.364518,-0.550015,-8.2e-05,0.28346570797376736,652
63,-0.18222985491042074,-0.7701396607265361,-1.1235433786109212,-0.361518,-0.550015,-8.2e-05,0.2838998154800996,500
64,-0.18023670641988845,-0.774085256516134,-1.1222303093620207,-0.358518,-0.550016,-8.2e-05,0.2863411450635256,1616
65,-0.17870891236505432,-0.7771459740842643,-1.1215397196413701,-0.355518,-0.550016,-8.2e-05,0.28783585356557045,5000
66,-0.17743389743928237,-0.779790741348838,-1.1215242964082608,-0.352518,-0.550016,-8.2e-05,0.2888786505289328,5000
67,-0.17681927506505046,-0.7810577460334923,-1.1048859290771917,-0.351192,-0.550015,0.016565,0.2894591468513931,5000
68,-0.17680007624977714,-0.7810797672346661,-1.0733853136880067,-0.350925,-0.55001,0.047966,0.28933151643210886,5000
69,-0.17724898354066196,-0.7801152828391991,-1.044080571606321,-0.350833,-0.550012,0.077369,0.2882341609586418,5000
70,-0.1786396107629068,-0.7776914682816896,-1.0155017868831708,-0.350827,-0.550011,0.105781,0.28545909102576444,5000
71,-0.258754206115466,-0.5679711826891315,-0.9919715742501802,-0.350844,-0.55001,0.134165,0.09382501916487046,500
72,-0.3131284152231998,-0.41920040738914927,-1.0441973693165518,-0.350862,-0.55001,0.162573,0.13614320746597938,617
73,-0.28320752603203414,-0.3877825030213473,-1.0741072766102193,-0.350878,-0.550009,0.190971,0.17577465508148193,617
74,-0.2679582485889972,-0.34207365567461445,-1.1032266616256723,-0.350892,-0.550008,0.219352,0.22386312486233642,784
75,-0.24072150886875937,-0.33886734728206264,-1.1402094192577663,-0.350905,-0.550007,0.247714,0.238160354945401,859
76,-0.2376341387416197,-0.3507103610226221,-1.1807434237166927,-0.350915,-0.550006,0.276058,0.2292407146273143,871
77,-0.22929203846663254,-0.3471586582363307,-1.2463749171003462,-0.350924,-0.550005,0.304386,0.23651843994360758,970
78,-0.22778304010774797,-0.3359208080314144,-1.2892579183779511,-0.350931,-0.550005,0.332699,0.24697664115552695,1056
79,-0.24969221655247448,-0.32518022013295794,-1.4046971636966077,-0.350937,-0.550004,0.360998,0.2465689318812095,982
80,-0.26422206162089157,-0.32508030568793306,-1.5044667360856392,-0.350943,-0.550003,0.389287,0.24106169245641798,995
81,-0.2508198049692857,-0.30112873043550115,-1.5521521554372644,-0.350947,-0.550002,0.417565,0.2682598730493296,1068
82,-0.23698379839252698,-0.28807938553946544,-1.562216969067664,-0.350951,-0.550002,0.445836,0.2856430972526384,995
83,-0.2386264787970912,-0.3173982595295904,-1.6014399841063682,-0.350954,-0.550001,0.474099,0.25830506555995886,1128
84,-0.2275084896920815,-0.32534834735085033,-1.6363405554856223,-0.350957,-0.55,0.502357,0.2563355217975817,1056
85,-0.2478650059520963,-0.31497251654267017,-1.7140274960968378,-0.350959,-0.55,0.53061,0.256644286102447,1092
86,-0.2574953980725737,-0.32859228122692374,-1.8050213180767058,-0.350961,-0.549999,0.558859,0.24032634866263874,1044
87,-0.28813094951323476,-0.3436553062956638,-1.8534748350221681,-0.350963,-0.549998,0.587105,0.21569694901303751,884
88,-0.26766060368403494,-0.3373945908195777,-1.8949627546276568,-0.350965,-0.549998,0.615348,0.22834148120896794,1104
89,-0.2596504188877999,-0.34819626597208886,-1.9222601085658493,-0.350967,-0.549997,0.643589,0.2215000095716132,871
90,-0.268853640268127,-0.36663717389124784,-1.9109655057179884,-0.350968,-0.549996,0.671828,0.20090601580379586,784
91,-0.25486338556861304,-0.3607854895235858,-1.9145798291766067,-0.350969,-0.549996,0.700065,0.21221900574637434,921
92,-0.2656942545295647,-0.36677509438508427,-1.9318924590112558,-0.35097,-0.549995,0.728301,0.2020927672606744,809
93,-0.27707156105067415,-0.3432684859924296,-1.9814177724893298,-0.350971,-0.549995,0.756537,0.21953810300434715,796
94,-0.2617862891998567,-0.3624901387043246,-1.9988884911873595,-0.350973,-0.549994,0.784771,0.20763421535030363,733
95,-0.20914047040458378,-0.3494399434967566,-2.021068235722398,-0.350974,-0.549994,0.813005,0.24563932848263517,695
96,-0.21387854151508368,-0.3700370101033748,-2.0572864451212323,-0.350975,-0.549994,0.841239,0.226229876766444,859
97,-0.24655677779364493,-0.3859050454098981,-2.0772268943918832,-0.350976,-0.549993,0.869472,0.19449480920513915,809
98,-0.21334039775644204,-0.37393159817485716,-2.0991831618680914,-0.350977,-0.549993,0.897704,0.22347584095330256,758
99,-0.2700516024870678,-0.36175262399392866,-2.1207363190819666,-0.350977,-0.549992,0.925936,0.20489749300999566,617
100,-0.2339676938981251,-0.38768039550985844,-2.1039796721873705,-0.350978,-0.549992,0.954168,0.2000911509443099,708
101,-0.24852931810984552,-0.3860657945283643,-2.1453435061730914,-0.350979,-0.549992,0.9824,0.1933073670601376,784
102,-0.2662685924390814,-0.3993146252917795,-2.1648430612164393,-0.35098,-0.549991,1.010632,0.1728565661644478,708
103,-0.2561562849043536,-0.4172173634047507,-2.1862731914482554,-0.350981,-0.549991,1.038864,0.1631580986886579,733
104,-0.211621204281251,-0.41212419899489683,-2.180075839039429,-0.350982,-0.549991,1.067095,0.19603236009073505,746
105,-0.23039224105965778,-0.4012518243276992,-2.2003599124628264,-0.350983,-0.549991,1.095327,0.1914823060271713,821
106,-0.24308748248218867,-0.4023561105840217,-2.2596235783285787,-0.350984,-0.549991,1.123558,0.1828598344780491,669
107,-0.24677214000664607,-0.3845718021810799,-2.285870638254933,-0.350985,-0.54999,1.15179,0.19550831275844452,578
108,-0.23248299509876194,-0.3795421780840361,-2.266638568205381,-0.350986,-0.54999,1.180021,0.2075943693035025,720
109,-0.19937909894110867,-0.38323232149210185,-2.2664292912515265,-0.350987,-0.54999,1.208252,0.22537319939341965,746
110,-0.23055834820963,-0.3970474037625619,-2.327615377844701,-0.350988,-0.54999,1.236484,0.19466571031950586,733
111,-0.2318631641569137,-0.3732425153959193,-2.361304972083777,-0.350989,-0.54999,1.264715,0.2131446412162025,796
112,-0.2289431959004439,-0.3993887381593365,-2.393575026680852,-0.350989,-0.54999,1.292946,0.19384508857927585,682
113,-0.22380441125713507,-0.3995201030403807,-2.3700370457606663,-0.35099,-0.54999,1.321177,0.1970212269652882,604
114,-0.17987610044269492,-0.40308960485679907,-2.3260152417440496,-0.350991,-0.54999,1.349408,0.22552169506221606,630
115,-0.1440525649748292,-0.4116148376170503,-2.3144966340596227,-0.350992,-0.54999,1.377639,0.2489409876517818,695
116,-0.13623509020480787,-0.41141590596085714,-2.3307068902961503,-0.350993,-0.54999,1.40587,0.2555850922068208,630
117,-0.16384173494730517,-0.4259978103994391,-2.3659972076636624,-0.350447,-0.547946,1.416388,0.22291901195779792,500
118,-0.14775196725081152,-0.4371931686026116,-2.386161613306503,-0.349984,-0.544973,1.416375,0.22915995969173655,500
119,-0.1637921029630564,-0.4363651775254524,-2.4062555323015427,-0.349521,-0.542002,1.416358,0.2136688125512909,500
120,-0.14059368432972172,-0.44461325219123254,-2.3588413599081246,-0.349058,-0.539031,1.416344,0.2288494745660506,500
121,-0.14668640820664902,-0.4468414687548284,-2.377885631799275,-0.348595,-0.536061,1.416332,0.22074239329041936,500
122,-0.14696439774447093,-0.4408530006809287,-2.388649920096698,-0.348132,-0.533093,1.416321,0.22130662365058354,500
123,-0.16352895753480184,-0.43847050198433685,-2.41147779496823,-0.34767,-0.530125,1.416311,0.20569022953624486,500
124,-0.17385624103247344,-0.4381219275858676,-2.4346034404941967,-0.347208,-0.527157,1.416303,0.19487964608169123,500
125,-0.1716864893578657,-0.43080615081355594,-2.4420513925166505,-0.346746,-0.524191,1.416296,0.19841008624522702,500
126,-0.1915545091584936,-0.42500234662963177,-2.483936427305522,-0.346284,-0.521224,1.416292,0.1822081828936316,500
127,-0.21677307711712207,-0.41890856822738703,-2.5339139317277453,-0.345822,-0.518258,1.416288,0.1628617023451863,500
128,-0.2479392554652908,-0.41172171921724043,-2.587162108527593,-0.345361,-0.515293,1.416284,0.14219003661004997,500
129,-0.29176010404579034,-0.3958628650553112,-2.6664654770397176,-0.344899,-0.512328,1.416281,0.12801511598603071,500
130,-0.32072765237544143,-0.38682093554282293,-2.7228568151614,-0.344438,-0.509363,1.416278,0.12481481541028835,500
131,-0.3575379718164559,-0.37355996927690394,-2.7838926164852653,-0.343976,-0.506398,1.416275,0.13352853435105383,500
132,-0.36004978163295226,-0.3740146671391608,-2.7877690805213384,-0.343515,-0.503433,1.416273,0.1304703180195725,500
133,-0.3832326088738575,-0.3690929362872128,-2.8256259354339246,-0.343053,-0.500468,1.41627,0.13738197965815996,500
134,-0.41930804073525507,-0.3564903507637917,-2.8890550944998066,-0.342591,-0.497504,1.416268,0.160531472335138,500
135,-0.4101322151310293,-0.3616927871702033,-2.8769851243155573,-0.34213,-0.494539,1.416266,0.1492394637016176,500
136,-0.3863509050198134,-0.37356444143030215,-2.8434146897033035,-0.341668,-0.491575,1.416265,0.12618658381516534,500
137,-0.38687762864576464,-0.3762180761831723,-2.850458950858607,-0.341206,-0.488611,1.416264,0.12131804065039899,500
138,-0.370344084259988,-0.38501860921193365,-2.8233061876181544,-0.340745,-0.485646,1.416263,0.10489031206857997,500
139,-0.37762567818936627,-0.3863606782534002,-2.832659432188554,-0.340283,-0.482682,1.416263,0.10330669212285605,500
140,-0.37473506202333434,-0.388081752278811,-2.829130064865859,-0.339821,-0.479718,1.416262,0.09806219262992417,500
141,-0.37470410383444913,-0.38863999553217227,-2.832964610257407,-0.339359,-0.476753,1.416262,0.0949377581440357,500
142,-0.3873958791916767,-0.38696062067894604,-2.8505604478254014,-0.338897,-0.473789,1.416262,0.09945505888776941,500
143,-0.39253252307826336,-0.3860207898379627,-2.8568497985558094,-0.338436,-0.470825,1.416262,0.10058920354771715,500
144,-0.3735180292380501,-0.3944888675512838,-2.8266293306968087,-0.337974,-0.46786,1.416262,0.08152730273523351,500
145,-0.3559606112775066,-0.4027327931291402,-2.797624857656169,-0.337512,-0.464896,1.416262,0.06484300692085351,500
146,-0.3687384251638825,-0.4006735945373462,-2.8150565203769924,-0.33705,-0.461932,1.416262,0.06896918535979583,500
147,-0.35926289004923545,-0.40569050844852894,-2.794942715188191,-0.336588,-0.458968,1.416262,0.05790200121551919,500
148,-0.34181482164130805,-0.4129602379733922,-2.7630494804848826,-0.336127,-0.456003,1.416262,0.04341693998778036,500
149,-0.3097358292470593,-0.42327102396742616,-2.704649667000069,-0.335665,-0.453039,1.416262,0.039477262987839566,500
150,-0.2982996581355984,-0.4278261113574339,-2.67978718692556,-0.335203,-0.450075,1.416261,0.0430914108215338,500
151,-0.2936585263955406,-0.4307841971904043,-2.668261752553407,-0.334741,-0.447111,1.416261,0.04420785142307335,500
152,-0.2670629332768487,-0.4392666919444854,-2.618746475902214,-0.33428,-0.444146,1.416261,0.06739392929608114,500
153,-0.21731089401052825,-0.4561986862107882,-2.518188528670241,-0.333818,-0.441182,1.416261,0.11747087558537768,500
154,-0.2126634566922481,-0.4590862605053811,-2.502344118092223,-0.333356,-0.438218,1.416261,0.12248336338709032,500
155,-0.15752715143470516,-0.4768528311199205,-2.3894027955814083,-0.332894,-0.435254,1.416261,0.18023316655451274,500
156,-0.12974791489750687,-0.4873266662566709,-2.330545844206074,-0.332433,-0.432289,1.416261,0.21002473290064094,500
157,-0.10523405827949682,-0.4958952244927428,-2.277795823812767,-0.331971,-0.429325,1.416261,0.23630750205988177,500
158,-0.09231252930859168,-0.5023025088740981,-2.247860399021477,-0.331509,-0.426361,1.416261,0.25096227676943894,500
159,-0.06452004353285389,-0.5128443252178432,-2.1885412946094496,-0.331047,-0.423397,1.416261,0.28113598580094046,500
160,-0.06660824101221392,-0.5149091258742889,-2.1922300096013116,-0.330585,-0.420432,1.416261,0.28037413682285667,500
161,-0.05218047690008227,-0.5212403712655603,-2.1600424669290494,-0.330124,-0.417468,1.416261,0.29668385037152223,500
162,-0.032952656713799516,-0.530006943836938,-2.1207459937013033,-0.329662,-0.414504,1.416261,0.31839812252638555,500
163,0.03466014183240128,-0.5523003545786037,-1.9854342035615664,-0.3292,-0.41154,1.416261,0.390138027158837,500
164,0.08707765206825453,-0.5702697735696056,-1.8879929881804511,-0.328738,-0.408575,1.416261,0.4461477964808004,500
165,0.09087234288811105,-0.5733498491944397,-1.8777932503855372,-0.328277,-0.405611,1.416261,0.4514670455001231,500
166,0.06813501216954032,-0.5692106385141906,-1.9172653931378596,-0.327815,-0.402647,1.416261,0.42955774677235786,500
167,0.10871149760106515,-0.584264585324299,-1.8459005958671055,-0.327353,-0.399683,1.416261,0.4735214965647292,500
168,0.15808327898940425,-0.6017031565111469,-1.764147506435875,-0.326891,-0.396718,1.416261,0.5265158740923126,500
169,0.15744466483241498,-0.6043706860428342,-1.765354015974526,-0.32643,-0.393754,1.416261,0.5277253828520547,500
170,0.23226690181291573,-0.6308596158319938,-1.658480767898913,-0.325968,-0.39079,1.416261,0.6076673646394026,500
171,0.2736184241363977,-0.6471099356291409,-1.6070815981529836,-0.325506,-0.387826,1.416261,0.6528232799710092,500
172,0.2640110713829344,-0.6482156077686175,-1.6236704158537278,-0.325044,-0.384861,1.416261,0.6452453227687251,500
173,0.283470183716027,-0.6574622723170238,-1.6013128750035792,-0.324583,-0.381897,1.416261,0.667581375964273,500
174,0.2986175018067432,-0.6655569549403534,-1.585923458576496,-0.324121,-0.378933,1.416261,0.6855337578691196,500
175,0.3112667495723727,-0.6718351911950279,-1.5694327675710786,-0.323659,-0.375969,1.416261,0.7004766309894229,500
176,0.3172860643217753,-0.676538948075255,-1.5626553930620684,-0.323197,-0.373004,1.416261,0.7087679594804347,500
177,0.33412931996080464,-0.6843056112331631,-1.542452639291074,-0.322736,-0.37004,1.416261,0.728172316811731,500
178,0.3392878821101651,-0.6894836987325524,-1.5397048305136067,-0.322274,-0.367076,1.416261,0.7359421499432984,500
179,0.33527559097766324,-0.690969716821218,-1.543919556147369,-0.321812,-0.364112,1.416261,0.7338937724646588,500
180,0.3551825507674061,-0.700992651244858,-1.5248244385421605,-0.32135,-0.361147,1.416261,0.7570940225083637,500
181,0.35928896514383407,-0.7053632955244361,-1.5211611921216557,-0.320888,-0.358183,1.416261,0.7636588646200024,500
182,0.3734547737453629,-0.7133017232781471,-1.5081293410845036,-0.320427,-0.355219,1.416261,0.7808297846818505,500
183,0.37097976686971845,-0.7030307570864139,-1.4875736302921896,-0.320536,-0.354175,1.436671,0.7745284985600916,500
184,0.3690534572407493,-0.6926910271374279,-1.4571374752798443,-0.320575,-0.35391,1.468076,0.768348874785762,500
185,0.3609967820935859,-0.6671082300858547,-1.4278374569195835,-0.32057,-0.353856,1.497049,0.7501068177980832,585
186,0.3561868389135573,-0.4299159629510544,-1.4646686882091604,-0.320571,-0.353863,1.525311,0.6810177866286481,500
187,0.3561464367447101,-0.34056124180384195,-1.468631705578279,-0.320573,-0.353868,1.553575,0.6768502536615973,500
188,0.3579162450943039,-0.3465417242257573,-1.4688230645617792,-0.320575,-0.353873,1.581839,0.6785308521166129,525
189,0.352156085865162,-0.2820745865467212,-1.5014735707770768,-0.320575,-0.353876,1.610102,0.6765519616875032,630
190,0.36148951418185965,-0.24642645128439733,-1.5156745976375363,-0.320575,-0.35388,1.638362,0.6904768400444092,809
191,0.3604789522952672,-0.2206016459197287,-1.499029544493055,-0.320575,-0.353882,1.66662,0.6939727218852096,871
192,0.38014505100342605,-0.20492679619014426,-1.4597034903527215,-0.320577,-0.353899,1.695045,0.7163826563160314,871
193,0.3699848522918985,-0.21579906344849245,-1.4358187937141873,-0.320578,-0.353915,1.723448,0.7042393519926464,909
194,0.3676698966415263,-0.19229227923339567,-1.4400407661455699,-0.320579,-0.353927,1.751817,0.7069740636583329,871
195,0.3574079523026751,-0.18196703618578733,-1.3867388222091996,-0.32058,-0.353937,1.780159,0.6994578843088667,871
196,0.35038158730182595,-0.1472048260363374,-1.3622560262334593,-0.320581,-0.353945,1.808479,0.7020913708978952,909
197,0.3454911853374755,-0.1363727738568412,-1.3109435742901911,-0.320581,-0.353951,1.836781,0.7007085275432603,921
198,0.33332079579029816,-0.127793992958091,-1.373226280235269,-0.320582,-0.353956,1.86507,0.691909040099631,1104
199,0.3453122507803983,-0.12806008870326072,-1.3448511333100561,-0.320583,-0.35396,1.893347,0.7031694354391154,1056
200,0.3659310254510332,-0.12338604078978341,-1.328856254534712,-0.320584,-0.353964,1.921615,0.7242023718848075,982
201,0.35829130456878294,-0.11279905146357917,-1.2747346163222715,-0.320585,-0.353967,1.949877,0.7204408485824721,884
202,0.35162732487150433,-0.08010589016422232,-1.1811394230164203,-0.320586,-0.35397,1.978132,0.7258597004869092,921
203,0.35191273483683794,-0.041951986976045845,-1.1261576169394163,-0.320586,-0.353972,2.006383,0.7413575634500643,1128
204,0.3519983215881535,-0.022677364057090716,-1.1119822462916937,-0.320587,-0.353974,2.034631,0.7497522762905948,1165
205,0.365114703301477,-0.026372005564816677,-1.0825896126023065,-0.320588,-0.353975,2.062875,0.7599420499471339,909
206,0.36057457886295413,0.003480343375586242,-1.0336504653769947,-0.320588,-0.353977,2.091116,0.7692582213901661,970
207,0.32198288052177537,-0.0015508555318856964,-1.0492795626042746,-0.320589,-0.353978,2.119356,0.7328734636997303,1068
208,0.3411101872891482,-0.013526904321212625,-1.1115873615249454,-0.32059,-0.35398,2.147594,0.7441474640256213,995
209,0.3239155310123663,-0.018391211409706346,-1.1429204066984808,-0.32059,-0.353981,2.175831,0.7266415111398538,1007
210,0.31303165398810645,-0.026701419685924547,-1.185245341103484,-0.320591,-0.353982,2.204067,0.7131551345237933,982
211,0.3117465485048785,-0.042218699560885496,-1.2799499739843838,-0.320592,-0.353983,2.232302,0.70501703451303,946
212,0.31541642066533654,-0.05428924805650096,-1.326240544905973,-0.320592,-0.353984,2.260537,0.7030815425679237,1225
213,0.3083686564710899,-0.06732359914339818,-1.4204591050866717,-0.320593,-0.353985,2.28877,0.6912072945592564,958
214,0.299489681715476,-0.06528238238535124,-1.4845883489910325,-0.320593,-0.353986,2.317004,0.6839973033479312,1249
215,0.32359817765225274,-0.07868327701907885,-1.6059308246710688,-0.320594,-0.353987,2.345237,0.7005538534870159,1031
216,0.30135877214193985,-0.10534887295514006,-1.6740585573470173,-0.320594,-0.353988,2.373469,0.6698109182990926,1068
217,0.3016114203600912,-0.10662838841615599,-1.7130685853414835,-0.320595,-0.353989,2.401702,0.6695730742050877,982
218,0.28653105286116237,-0.09118682634883656,-1.6814803373886773,-0.320595,-0.35399,2.429934,0.6615644731573019,1068
219,0.2933023416606241,-0.09071885643639277,-1.7215085375458021,-0.320595,-0.353991,2.458166,0.6679686876452801,921
220,0.2722763842431356,-0.06461939214869589,-1.6606098986932472,-0.320596,-0.353991,2.486398,0.6597223593517118,733
221,0.2660421221014332,-0.05333814521827489,-1.6700637796814137,-0.320596,-0.353992,2.51463,0.6591942253219506,933
222,0.2634254292452497,-0.031690995717461444,-1.5572950681742599,-0.320596,-0.353993,2.542861,0.667052930270309,982
223,0.2711697122491764,-0.03959478243852799,-1.651396075593187,-0.320597,-0.353994,2.571093,0.6701005221080382,946
224,0.26880990550684586,-0.06299221710025092,-1.727983384507402,-0.320597,-0.353995,2.599324,0.6573302974263048,1128
225,0.2716505488775234,-0.06404775416856676,-1.791478205740425,-0.320597,-0.353996,2.627556,0.6594142434101342,1092
226,0.27476558388282835,-0.0756524193417822,-1.9201928341622256,-0.320598,-0.353997,2.655787,0.6572164807699247,846
227,0.23830168205030472,-0.062377443861703755,-2.0078134650950683,-0.320598,-0.353998,2.684019,0.6304057450232675,871
228,0.22580783598272197,-0.06793038367859894,-2.0149240522376495,-0.320598,-0.353999,2.71225,0.6167613726880261,946
229,0.2395363868455611,-0.05754602004489163,-2.0018456468934076,-0.320598,-0.354,2.740482,0.6337471842604718,958
230,0.2171626775294852,-0.061803831920787713,-1.9773412577104452,-0.320598,-0.354001,2.768713,0.6120177540974464,909
231,0.20397178440564173,-0.03888648361821002,-1.9730354560724406,-0.320598,-0.354002,2.796944,0.6119405586949958,884
232,0.17717295068935798,-0.014320040427384217,-1.8378808068987602,-0.320598,-0.354003,2.825176,0.6026279385941201,970
233,0.16594441139801197,0.005337680364297688,-1.6295338528318146,-0.322702,-0.353262,2.834102,0.6061097640935441,578
234,0.1515143796078109,0.018618252516611075,-1.4967547657617417,-0.32557,-0.35235,2.834085,0.6043400943516805,500
235,0.1526942988739462,0.006957360282104726,-1.64589212879717,-0.328436,-0.351439,2.834061,0.5999452604679806,500
236,0.1357686269620703,0.011495199605492598,-1.5074065183767391,-0.331301,-0.350527,2.834047,0.5909434062900496,500
237,0.12317602585874358,0.0306497966337091,-1.3317094821127065,-0.334165,-0.349616,2.834035,0.5947796987313853,500
238,0.11899380291081792,0.03955932146282278,-1.2052359257571879,-0.337028,-0.348705,2.834024,0.5989199178947207,500
239,0.1290072195606858,0.030995508479480603,-1.422046580807178,-0.339891,-0.347795,2.834013,0.6027833687331831,500
240,0.12149933627728235,0.04786643181151758,-1.128723226330662,-0.342753,-0.346886,2.834003,0.6093929062271908,500
241,0.11239842199682828,0.04922953524142516,-0.9583133258509418,-0.345614,-0.345977,2.833995,0.6049492410119484,500
242,0.1392933019587167,0.010207029074004819,-1.800153963068526,-0.348475,-0.345068,2.833988,0.6034386983606742,500
243,0.13847948058881188,0.0008300768197838762,-1.9755095727139618,-0.351336,-0.344159,2.833982,0.5991132348307918,500
244,0.14067020844230335,-0.009494321948791797,-2.1555284081567994,-0.354196,-0.343251,2.833977,0.5968970467357324,500
245,0.14042594311780962,-0.029472641622077345,-2.5072378840533767,-0.357056,-0.342342,2.833972,0.5876865824060343,500
246,0.16424532459808908,-0.05862041405139931,-2.6366147439463132,-0.359916,-0.341434,2.833968,0.5955909826395375,500
247,0.1647072053855069,-0.06243646996186153,-2.663308889876324,-0.362775,-0.340526,2.833964,0.5962979655467481,500
248,0.18003739010237388,-0.09490699161673144,-2.754137165669408,-0.365635,-0.339617,2.83396,0.5980312245384656,500
249,0.2018907314535672,-0.12826963298073724,-2.785121061997043,-0.368494,-0.338709,2.833957,0.6079666677267973,500
250,0.23135034427720902,-0.1719179406927158,-2.8088152346580415,-0.371354,-0.337801,2.833954,0.625115762059928,500
251,0.2594308635899924,-0.21093375661038705,-2.8084979957010607,-0.374213,-0.336892,2.833951,0.6460418136181666,500
252,0.2777150277875777,-0.2470488616751095,-2.826500764186589,-0.377072,-0.335984,2.833949,0.660799145419966,500
253,0.3235715256007185,-0.31944606929517144,-2.8361449400360774,-0.379932,-0.335075,2.833948,0.7036771091968369,500
254,0.3403556096247466,-0.3484069883544088,-2.8385783762829857,-0.382791,-0.334167,2.833947,0.7232868008474227,500
255,0.3401884533625931,-0.35287848115539466,-2.840601881417914,-0.38565,-0.333258,2.833947,0.726103590171933,500
256,0.3426885379448887,-0.3607363259630912,-2.8396747926707433,-0.388509,-0.33235,2.833946,0.7317483331025427,500
257,0.342872104681069,-0.36632424441879874,-2.84086473150729,-0.391368,-0.331441,2.833946,0.7350682771438641,500
258,0.34515193710454756,-0.3743636053732822,-2.840353531766099,-0.394228,-0.330533,2.833946,0.7406779417264382,500
259,0.3474292895340988,-0.38402490027072766,-2.8424283364741547,-0.397087,-0.329624,2.833946,0.7465011475757339,500
260,0.34820824350717994,-0.3909206687959806,-2.8436098829497345,-0.399946,-0.328716,2.833946,0.7507357676958107,500
261,0.35010324266617193,-0.3994457759912514,-2.844429632474536,-0.402805,-0.327807,2.833946,0.7563087571225049,500
262,0.3472524060478674,-0.4014863996483735,-2.8463096224148625,-0.405664,-0.326899,2.833945,0.756601873300842,500
263,0.3458202593376136,-0.4053003673721436,-2.848525425317548,-0.408523,-0.32599,2.833945,0.7585010792878271,500
264,0.34324169418250317,-0.40675887331375343,-2.848886763036429,-0.411383,-0.325082,2.833945,0.7590319760750185,500
265,0.3423374435159425,-0.4114993993169531,-2.85042339675886,-0.414242,-0.324173,2.833945,0.7616024910467121,500
266,0.34175184285759613,-0.4163539229447971,-2.850759350165932,-0.417101,-0.323265,2.833945,0.76454115957748,500
267,0.339594451081477,-0.41868155403477925,-2.8509272622682844,-0.41996,-0.322357,2.833945,0.7656378934376765,1533
268,0.33711899129642725,-0.42010910012418146,-2.8511293904493407,-0.422819,-0.321448,2.833945,0.7663157073252268,2489
269,0.33459009753443936,-0.42173701171709027,-2.8514642075470107,-0.425678,-0.32054,2.833945,0.7669735427699608,5000
270,0.3317706355717213,-0.4226456392349078,-2.8515263120264716,-0.428537,-0.319631,2.833945,0.7672546621594161,5000
271,0.32902957405937894,-0.42355604548926773,-2.8515726890501822,-0.431397,-0.318723,2.833945,0.7676187477923132,5000
272,0.32623686578198763,-0.424587180439286,-2.8517056945708648,-0.434256,-0.317814,2.833945,0.7679517634372751,5000
273,0.3233951348929432,-0.4254321212173564,-2.8517341272195633,-0.437115,-0.316906,2.833945,0.768214543120193,5000
274,0.32062496039113225,-0.42635192176695896,-2.851758298226725,-0.439974,-0.315997,2.833945,0.7685629364640627,5000
275,0.31783546620986936,-0.4272499249461198,-2.8518103056808926,-0.442833,-0.315089,2.833945,0.7688930930700602,5000
276,0.3150946500416283,-0.42809489823273805,-2.8517711770310044,-0.445692,-0.31418,2.833945,0.7692677888232017,5000
277,0.31227428699323534,-0.4289534837997004,-2.851870020935067,-0.448552,-0.313272,2.833945,0.7695705586065603,5000
278,0.30944995905377587,-0.42979243422039815,-2.8518831980056825,-0.451411,-0.312364,2.833945,0.7698693630582307,5000
279,0.30666746269587863,-0.4306216955236016,-2.851875064132044,-0.45427,-0.311455,2.833945,0.7702119990340689,5000
280,0.30383013590246755,-0.4314635341077638,-2.851914749594778,-0.457129,-0.310547,2.833945,0.7705060770260441,5000
281,0.30104516533667164,-0.4322988161693105,-2.8518779758977866,-0.459988,-0.309638,2.833945,0.7708548206800521,5000
282,0.29824377956980114,-0.433151346896801,-2.851773387489657,-0.462847,-0.30873,2.833945,0.7711937799994122,5000
283,0.2953782887312932,-0.43400617424530763,-2.8517718221114503,-0.465706,-0.307821,2.833945,0.771473909314461,5000
284,0.2925592487481393,-0.43484829002723724,-2.851782634256175,-0.468566,-0.306913,2.833945,0.771802489446795,5000
285,0.28974190683688744,-0.4356933853789154,-2.8517655650067746,-0.471425,-0.306004,2.833945,0.7721362552966903,5000
286,0.2869187527770752,-0.4365302877780633,-2.851854968577603,-0.474284,-0.305096,2.833945,0.7724665706935956,5000
287,0.2841173204515602,-0.4373713462707,-2.8518444793856923,-0.477143,-0.304187,2.833945,0.7728229716989304,5000
288,0.28138178617601173,-0.43818644798906525,-2.8518739634274928,-0.480002,-0.303279,2.833945,0.7732433571487318,5000
289,0.27850974402588274,-0.4390326784423589,-2.8519647801618704,-0.482861,-0.302371,2.833945,0.7735385085522304,5000
290,0.27578512703051644,-0.439845333104717,-2.851977850234684,-0.48572,-0.301462,2.833945,0.7739767473089447,5000
291,0.27298963814097665,-0.4406806801782708,-2.8519697523864043,-0.48858,-0.300554,2.833945,0.7743537952615468,5000
292,0.2701965599499153,-0.44151752254947313,-2.8519715076490844,-0.491439,-0.299645,2.833945,0.7747364318494205,5000
293,0.26732226726810177,-0.44237439438420545,-2.8519831872397905,-0.494298,-0.298737,2.833945,0.7750465357506081,5000
294,0.26450283492568566,-0.44322234951096445,-2.8519229226352905,-0.497157,-0.297828,2.833945,0.7754129358017825,5000
295,0.2616553222597688,-0.44406842732217167,-2.8519665672065897,-0.500016,-0.29692,2.833945,0.7757550275804426,5000
296,0.25895145024650307,-0.44486964509930255,-2.8520222993082975,-0.502875,-0.296011,2.833945,0.7762334935546056,5000
297,0.25621196936653357,-0.44569028072122524,-2.8520111628846485,-0.505734,-0.295103,2.833945,0.7766840988129727,5000
298,0.2534313050696752,-0.44652123938493243,-2.8520177672045572,-0.508594,-0.294194,2.833945,0.7771011217500372,5000
299,0.25072902013472287,-0.4473316486854131,-2.8520134082605537,-0.511453,-0.293286,2.833945,0.7775933986959745,5000
300,0.2530706699982623,-0.4462649226605032,-2.829923387784779,-0.512296,-0.293145,2.856764,0.7805330551999622,5000
301,0.2987119554580768,-0.3900705821172999,-2.804300977067225,-0.512553,-0.293229,2.888174,0.8170245528632399,500
302,0.3957118200566112,-0.33127767704561056,-2.8148663923448534,-0.512545,-0.293231,2.916436,0.9090533542172101,500
303,0.36428972474015553,-0.2960397211268629,-2.8407910988896834,-0.512539,-0.293236,2.9447,0.8768332072758219,643
304,0.40284503149692913,-0.27397184558571946,-2.84266830056581,-0.512533,-0.29324,2.972967,0.9155808005423254,643
305,0.3999807048085705,-0.2639118409868048,-2.8972316849448254,-0.512529,-0.293244,3.001235,0.9129810167370404,656
306,0.4050907184424102,-0.2492466380432393,-2.9106843576968897,-0.512526,-0.293248,3.029501,0.9186710846756131,669
307,0.4096361789827013,-0.22253360098351588,-2.9398554253556646,-0.512523,-0.293252,3.057764,0.9248668246518006,682
308,0.42524635589322207,-0.23573310686623022,-2.972041724624856,-0.512521,-0.293255,3.086024,0.9395298728452746,720
309,0.4287708601364302,-0.22780704778541144,-2.996302321181181,-0.512519,-0.293258,3.11428,0.9435626253415597,695
310,0.44100407782328155,-0.2296498422852437,-3.0430588551561133,-0.512517,-0.293261,-3.140652,0.9556405313919477,591
311,0.4673866305988521,-0.25735396596049087,-3.0864155224050696,-0.512516,-0.293262,-3.112402,0.9805603257133816,630
312,0.3741122280923741,-0.2335336582191942,3.1251664359420497,-0.512515,-0.293262,-3.084155,0.8886367741696557,871
313,0.38340132426870105,-0.24793583041249437,3.1045264752008395,-0.512514,-0.293263,-3.055911,0.8970612133864144,796
314,0.3446646406133808,-0.239142054260749,3.0777763837916488,-0.512504,-0.293264,-3.02757,0.8588755808972528,946
315,0.30981187085697065,-0.21069446115259774,3.0886913556925837,-0.512495,-0.293265,-2.999239,0.8264420631503052,970
316,0.3582488128016406,-0.21483631105934642,3.0475790218096934,-0.512488,-0.293266,-2.970929,0.8742618676776924,896
317,0.3544270335722793,-0.2038647737184967,3.040731212209214,-0.512482,-0.293267,-2.942635,0.8715067587536613,1056
318,0.3591491607826492,-0.21697474866369357,2.997606644442108,-0.512478,-0.293268,-2.914354,0.8749597519963344,1044
319,0.35451073890335016,-0.19801343656671686,2.9755338272312493,-0.512474,-0.293268,-2.886084,0.8722017939365726,1080
320,0.3722448709876618,-0.2184282339238067,2.929463042363946,-0.512471,-0.293269,-2.857822,0.8878757304061917,1116
321,0.37582909289876354,-0.21420798019457496,2.8717083323744115,-0.512469,-0.29327,-2.829566,0.8918095675777951,995
322,0.4003493732944677,-0.19787538620850406,2.8640758986479193,-0.512466,-0.293271,-2.801315,0.9177865922170441,958
323,0.4242121174911591,-0.2031717085611605,2.8325380124972668,-0.512464,-0.293272,-2.773067,0.9409995810815621,796
324,0.413696788778361,-0.19217025992746947,2.843013847165743,-0.512463,-0.293272,-2.744823,0.9316616962157841,921
325,0.4194341471906879,-0.18111052074594944,2.8213895889429725,-0.512461,-0.293273,-2.716581,0.9386207898347284,896
326,0.42203542460158483,-0.14657085116872678,2.8662424441732246,-0.51246,-0.293274,-2.688341,0.9459405438389387,809
327,0.46221725508091943,-0.11943825352439645,2.8770775567728086,-0.512459,-0.293275,-2.660103,0.9900570774676523,771
328,0.4135636857200641,-0.12376782690143869,2.878742663046634,-0.512458,-0.293275,-2.631865,0.941407905297005,909
329,0.4064918632513792,-0.11412622758021604,2.8674817000680286,-0.512456,-0.293276,-2.603629,0.9362477323509713,1019
330,0.43720374980596616,-0.12171406757735313,2.8527278377195864,-0.512455,-0.293277,-2.575394,0.9650313885384704,809
331,0.4020618061812941,-0.1405191888261484,2.7690044950971004,-0.512454,-0.293277,-2.547159,0.9271861240495612,1056
332,0.41907173446204,-0.16103535574763245,2.6985003616820755,-0.512453,-0.293278,-2.518925,0.940864734100196,933
333,0.4022171925977127,-0.1361679337905982,2.677425805217785,-0.512452,-0.293278,-2.490691,0.928064278372826,1153
334,0.41264518833429964,-0.1355406829041142,2.6381166571946255,-0.512452,-0.293279,-2.462458,0.9384488182870012,933
335,0.4143745848875616,-0.1500566049425336,2.5981170192536474,-0.512451,-0.29328,-2.434225,0.9378265328374741,859
336,0.4060986294724506,-0.13545935427680117,2.5384528645923403,-0.51245,-0.29328,-2.405992,0.9320080154817364,1044
337,0.4147696420570605,-0.1336732364182519,2.5126376768833776,-0.512449,-0.293281,-2.377759,0.9408554875078885,933
338,0.3933152348047016,-0.10696563098975323,2.487970673159906,-0.512448,-0.293281,-2.349527,0.9247272323519522,1068
339,0.38177141682308907,-0.10094476720106141,2.5341970208804008,-0.512447,-0.293282,-2.321295,0.9146694419878391,1068
340,0.3883546396512268,-0.10523980206923826,2.4973022398837723,-0.512446,-0.293282,-2.293063,0.9202182679118531,1031
341,0.3924819216897739,-0.10870760289387213,2.4952787985771216,-0.512445,-0.293282,-2.264831,0.9235585751136854,995
342,0.41742766805785086,-0.08806319040883111,2.539872051228245,-0.512444,-0.293283,-2.236599,0.9522481238129723,871
343,0.43038189380365205,-0.09201370653779298,2.478455557934604,-0.512443,-0.293283,-2.208368,0.964068518761319,970
344,0.4079635512045962,-0.10248659536430695,2.4245516145138675,-0.512443,-0.293283,-2.180136,0.9399741951363592,1044
345,0.36843111527448874,-0.09171674553488379,2.4381183908039055,-0.512442,-0.293284,-2.151905,0.9036408596815372,921
346,0.38241075112988543,-0.08020846175670412,2.442743215927849,-0.512441,-0.293284,-2.123673,0.9198700133703092,1092
347,0.38487867965787326,-0.11129695972664826,2.411468157250417,-0.51244,-0.293284,-2.095442,0.9155872955051328,982
348,0.39483745235463497,-0.11055288696498658,2.388210350706987,-0.512439,-0.293285,-2.06721,0.9254953193460533,784
349,0.37861011579285253,-0.12270630858570296,2.364740473479021,-0.512438,-0.293285,-2.038979,0.907228656195673,896
350,0.3877640409306194,-0.13065590438101068,2.2863223042934444,-0.51356,-0.29538,-2.031554,0.916252724108908,682
351,0.39067343923440234,-0.12567023367761987,2.2593897310020137,-0.514898,-0.298074,-2.031571,0.9218365854093711,551
352,0.40871670032015506,-0.1322859002095865,2.2170049874081483,-0.516237,-0.300768,-2.031606,0.9401731572884507,500
353,0.39650472641388124,-0.12315270327369547,2.2193429776911833,-0.517576,-0.30346,-2.031624,0.9316943144905826,500
354,0.3768693953601617,-0.12400892922296651,2.184718844492989,-0.518914,-0.306152,-2.031639,0.914113772806792,500
355,0.38062434546912305,-0.10357575655468894,2.250269716454151,-0.520251,-0.308842,-2.03165,0.9239646198704047,500
356,0.358941967745475,-0.1476282228235034,2.089250722683799,-0.521588,-0.311532,-2.031661,0.8956547729290398,500
357,0.3504363303073251,-0.10311766892441902,2.2206171327729303,-0.522924,-0.314221,-2.031672,0.898511481810737,500
358,0.34425289939083575,-0.06451198636373696,2.3554340598604027,-0.524259,-0.31691,-2.031682,0.9044432965482184,500
359,0.3510622194622423,-0.027649687788544756,2.489966784379477,-0.525594,-0.319598,-2.031691,0.923991311715077,500
360,0.3698315321516636,-0.019704702248276227,2.5213018784606196,-0.526929,-0.322286,-2.031698,0.9464327201518618,500
361,0.36412230866527234,-0.006034073996084803,2.5544902668621083,-0.528264,-0.324974,-2.031705,0.947668718642023,500
362,0.3776370996652197,-0.014329031747630316,2.5278187764386124,-0.529599,-0.327662,-2.031711,0.9598202381329543,500
363,0.3752855808304831,-0.008153101236537598,2.5437130971850292,-0.530933,-0.330349,-2.031716,0.9617912005328443,500
364,0.37162494259024004,0.007756059413662574,2.5934623559321275,-0.532268,-0.333036,-2.031721,0.966002939655904,500
365,0.3808144839131404,0.016541645535263032,2.6244168892079536,-0.533602,-0.335724,-2.031725,0.9799227475043357,500
366,0.3758825649012097,0.004867300044897452,2.5874971596643803,-0.534936,-0.338411,-2.031729,0.9733603903233446,500
367,0.3736460716156666,-0.03826664944868824,2.4450089197350273,-0.536271,-0.341098,-2.031733,0.9589869154969538,500
368,0.3819152926120092,-0.06308854977073344,2.3661552005196143,-0.537605,-0.343785,-2.031736,0.9614094162720616,500
369,0.40671484945032904,-0.05571572875583805,2.3948608804710503,-0.538939,-0.346472,-2.031738,0.9893434248268062,500
370,0.4329655819345823,-0.08064854860005136,2.3253595711013033,-0.540274,-0.349159,-2.03174,1.0096004884879983,500
371,0.46924703089682657,-0.1029227569918479,2.284472765202012,-0.541608,-0.351846,-2.031741,1.0410526760923866,500
372,0.4894127319203588,-0.1329654134049027,2.2182073856420597,-0.542943,-0.354533,-2.031741,1.055864836358516,500
373,0.49757770705794396,-0.14668327671054232,2.1860297053363027,-0.544277,-0.35722,-2.031742,1.0629143627180206,500
374,0.5058540856178588,-0.17017681109951072,2.1321789364728945,-0.545612,-0.359906,-2.031742,1.0684465800054674,500
375,0.5157087838567743,-0.19976455757196093,2.073887241196139,-0.546946,-0.362593,-2.031742,1.0750573432692923,500
376,0.5416873650795607,-0.2257029522832021,2.038065181675491,-0.548281,-0.36528,-2.031742,1.0988688680290963,500
377,0.5459184803823373,-0.2375117532082907,2.0133200643904914,-0.549615,-0.367967,-2.031742,1.1032733922533082,500
378,0.5559549154559353,-0.25400317720828064,1.9866236790401255,-0.55095,-0.370654,-2.031742,1.1130345485736266,500
379,0.5633853502657796,-0.26276913750933534,1.974161698988744,-0.552284,-0.373341,-2.031742,1.121135244248936,500
380,0.5716678715382008,-0.27259315147858215,1.9614425756522227,-0.553618,-0.376028,-2.031743,1.1300296724299486,500
381,0.5733934549183537,-0.2693132577257895,1.9663079027231132,-0.554953,-0.378715,-2.031743,1.133637712648732,500
382,0.5755574220708346,-0.27041431474762045,1.9578027545600054,-0.556287,-0.381402,-2.031743,1.137273081564205,500
383,0.5762285989855441,-0.26964926896083935,1.953116321203672,-0.557622,-0.384089,-2.031743,1.1396111761737828,500
384,0.5742221089625525,-0.2679064420959958,1.9517473133782755,-0.558956,-0.386776,-2.031743,1.1393957163462745,500
385,0.5747137811576118,-0.2646998962364419,1.951802266839303,-0.56029,-0.389462,-2.031743,1.1418402540537729,500
386,0.5781504620219479,-0.26083008124541784,1.9562903622761758,-0.561625,-0.392149,-2.031743,1.147315458908411,500
387,0.5784627371660405,-0.2577627407676565,1.957478330925608,-0.562959,-0.394836,-2.031743,1.149622834007623,500
388,0.5775432129316672,-0.25500410915559274,1.957309212895412,-0.564294,-0.397523,-2.031743,1.1506971170047648,516
389,0.5768131796254231,-0.252513599670366,1.956180460328094,-0.565628,-0.40021,-2.031743,1.1519488163865008,500
390,0.5758023601308018,-0.24972102594400375,1.956051236471142,-0.566962,-0.402897,-2.031743,1.152984501983077,500
391,0.5744267296424754,-0.24690103600968788,1.9570874326667749,-0.568297,-0.405584,-2.031743,1.1536887818422956,500
392,0.573713852818934,-0.24452644951674496,1.9567737509980137,-0.569631,-0.408271,-2.031743,1.1550107056995245,500
393,0.573295756073626,-0.24161861190917433,1.956061911586256,-0.570965,-0.410958,-2.031743,1.1567231761528605,670
394,0.5718246229482802,-0.23922127553872763,1.9559396413524726,-0.5723,-0.413645,-2.031743,1.1573438505869749,502
395,0.571249125438292,-0.23637606500643835,1.956250945885929,-0.573634,-0.416331,-2.031743,1.158939666049052,771
396,0.5697517861427286,-0.23377165674262995,1.9552558311462251,-0.574969,-0.419018,-2.031743,1.1596128172443827,500
397,0.568727733428501,-0.23096243347286094,1.9548611299781757,-0.576303,-0.421705,-2.031743,1.1608092466814568,500
398,0.5684798681922498,-0.22786542806740762,1.956090847715772,-0.577637,-0.424392,-2.031743,1.162844172290676,1720
399,0.567499871862853,-0.2251112466768354,1.956313783871694,-0.578972,-0.427079,-2.031743,1.1641257347705705,2594
400,0.5655115537593057,-0.2229349348099814,1.9546073766343273,-0.580306,-0.429766,-2.031743,1.1643354138866502,500
401,0.564676920752201,-0.2200550040542878,1.9548435419398693,-0.581641,-0.432453,-2.031743,1.165829183079324,649
402,0.5632166521363748,-0.2172407646735337,1.9544344655110333,-0.582975,-0.43514,-2.031743,1.1667199236247623,500
403,0.5621784562710502,-0.21462609965717283,1.954241182129101,-0.584309,-0.437827,-2.031743,1.1680120415906303,500
404,0.5616965976292979,-0.21164205479321213,1.9552879609136273,-0.585644,-0.440514,-2.031743,1.1699456458618465,1057
405,0.561146656105276,-0.20870027398565844,1.9562254908666332,-0.586978,-0.4432,-2.031743,1.1718277806306094,5000
406,0.5600187637480645,-0.2059207751000348,1.95621824223907,-0.588313,-0.445887,-2.031743,1.1731366624249204,5000
407,0.5589405466567581,-0.20326379549355159,1.9562145968026272,-0.589647,-0.448574,-2.031743,1.1744915703273422,5000
408,0.5578313109453827,-0.20054063678048104,1.956230392294092,-0.590981,-0.451261,-2.031743,1.1758530632322213,5000
409,0.5567462578320772,-0.19784971335378665,1.9561806208596586,-0.592316,-0.453948,-2.031743,1.177255454350192,5000
410,0.5556525265726335,-0.1951586225491404,1.9562039271320177,-0.59365,-0.456635,-2.031743,1.178671367918583,5000
411,0.5545871005796463,-0.19251951438990847,1.9561631866211178,-0.594984,-0.459322,-2.031743,1.1801259600634257,5000
412,0.5534601933209577,-0.18975741456474382,1.9562467192864759,-0.596319,-0.462009,-2.031743,1.1815723080564315,5000
413,0.5523398113386745,-0.18700391227022195,1.9562547684632459,-0.597653,-0.464696,-2.031743,1.1830453760183297,5000
414,0.5512263406968126,-0.1842619491656246,1.956257467941575,-0.598988,-0.467382,-2.031743,1.1845463235893574,5000
415,0.5500993842500307,-0.18150007370389332,1.9562672783130859,-0.600322,-0.470069,-2.031743,1.1860612912339077,5000
416,0.5559845157794889,-0.18953782140436035,1.9807051616737041,-0.60047,-0.470765,-2.007412,1.1901578773623422,500
417,0.591209506910362,-0.21982956524756112,2.0152298403231006,-0.600462,-0.470908,-1.977249,1.217834701747223,500
418,0.600659506225095,-0.2789292470821325,2.0353468771652703,-0.600458,-0.470901,-1.948989,1.2163619599768607,500
419,0.6016030954763258,-0.2698232555446321,2.033863720130188,-0.600453,-0.470895,-1.920721,1.2187570320166832,538
420,0.610998333639036,-0.22767225237812985,2.0903312133309284,-0.600447,-0.47089,-1.89245,1.2356191440545305,591
421,0.5913923544351266,-0.2309738356348827,2.067947616887992,-0.600443,-0.470886,-1.864179,1.2157423076836056,617
422,0.588713695151448,-0.23545654403632219,2.0569087564542694,-0.600438,-0.470883,-1.835909,1.212232391189569,591
423,0.5961301779585192,-0.2305060724461618,2.061426337012884,-0.600434,-0.470881,-1.807642,1.2204695562651533,643
424,0.6134293394018271,-0.1961968021037037,2.0761950346801368,-0.60043,-0.470879,-1.779378,1.24455004145843,604
425,0.6107722192032577,-0.17090898194340218,2.1365615775137297,-0.600426,-0.470877,-1.751118,1.2477908230380388,669
426,0.6154721027532175,-0.16240151677791986,2.1810458813604727,-0.600423,-0.470876,-1.722862,1.2544151656044291,604
427,0.6130839268615849,-0.11187938155736071,2.1569825729853638,-0.60042,-0.470874,-1.69461,1.2654915711213814,669
428,0.5964658487070058,-0.1374343204968121,2.124359304015494,-0.600418,-0.470874,-1.66636,1.242462461067892,708
429,0.5921323501800835,-0.15296811903172955,2.1200556601050016,-0.600415,-0.470873,-1.638114,1.2341931355201214,669
430,0.6154708582133721,-0.12586156535379875,2.0799554656937387,-0.600413,-0.470872,-1.609871,1.2638851833448308,656
431,0.5976097502551042,-0.13459589232574892,2.0631096841710566,-0.600411,-0.470871,-1.581629,1.2443209658617556,630
432,0.5617447479345105,-0.1556736955736197,2.0363541829475964,-0.60041,-0.470871,-1.55339,1.2041399415617695,630
433,0.5488117335108181,-0.12806623621409222,2.053696705221122,-0.600409,-0.47087,-1.525152,1.1992592358605905,809
434,0.5268379523841883,-0.13186269306797024,1.9825772346994535,-0.600408,-0.47087,-1.496916,1.1771191066837048,733
435,0.5458916727795986,-0.13555650517054293,1.9445366352220497,-0.600407,-0.470869,-1.468676,1.1943345914797174,784
436,0.5502349275382388,-0.08930349850667745,1.9234743297230863,-0.600406,-0.470866,-1.440412,1.212255949324193,846
437,0.5363196236514192,-0.0541933460094381,1.9190292801258633,-0.600406,-0.470863,-1.412147,1.210685237385144,1092
438,0.5399800487883152,-0.04840436862878166,1.9133562406345654,-0.600405,-0.47086,-1.383885,1.2161195747035662,1068
439,0.5409041891942914,-0.06654689210864936,1.9098044566890044,-0.600404,-0.470857,-1.355628,1.2108059489716212,1068
440,0.5233451378085916,-0.09764636413169453,1.8892793429035901,-0.600403,-0.470855,-1.327376,1.1841007402729544,921
441,0.5263482395486154,-0.04292540440278018,1.953865218654902,-0.600402,-0.470853,-1.299127,1.2052751260174916,896
442,0.5198555660708054,-0.04531789505908468,1.930572132901795,-0.600401,-0.470851,-1.270881,1.1983543704703583,896
443,0.5357645885525882,-0.025224568119012504,1.9243603002202407,-0.6004,-0.470849,-1.242638,1.2204307053536982,909
444,0.521866942838556,0.007683973532742704,1.9629418298331691,-0.6004,-0.470848,-1.214397,1.2200311228330776,1225
445,0.5079948931853678,0.025845970850697047,2.0130927496812587,-0.600399,-0.470847,-1.186157,1.2145949653045283,1128
446,0.5216602667206579,0.055518823174599254,2.0424269530192256,-0.600398,-0.470845,-1.157919,1.2393843747050985,958
447,0.47430321558475597,0.05413200878077707,2.056485749112101,-0.600397,-0.470844,-1.129682,1.1960687117274305,933
448,0.4967645225809928,0.038221353453798006,1.97303024095376,-0.600397,-0.470843,-1.101445,1.2095081325024548,1007
449,0.4833854752478367,0.08149218664690587,2.027786737502022,-0.600396,-0.470842,-1.073209,1.2164108433540357,1092
450,0.4720160225046688,0.034282872974030314,1.9612152194188734,-0.600395,-0.470841,-1.044974,1.1854178707265188,995
451,0.4392325650545878,0.04922098099802618,1.9446297956439935,-0.600395,-0.47084,-1.01674,1.1624495249162263,1249
452,0.4233508080407923,0.07975312110335225,2.0124486298994992,-0.600394,-0.470839,-0.988506,1.162413487452536,1189
453,0.4192405243924367,0.09347553705481157,2.0620941980878364,-0.600393,-0.470838,-0.960272,1.1653764594191243,1116
454,0.4204073297274296,0.13188514368292828,2.114548838785069,-0.600393,-0.470837,-0.932038,1.1854565768754979,1261
455,0.38774041602962883,0.13816858555792383,2.1187078578166783,-0.600392,-0.470836,-0.903805,1.1607291918613618,1225
456,0.39139423910986854,0.16230826145082303,2.1593342867021734,-0.600392,-0.470836,-0.875572,1.1766527099768247,1007
457,0.3869524220164428,0.14608560126985273,2.1140025152958244,-0.600391,-0.470835,-0.847339,1.1642328209040904,1031
458,0.33445623455448015,0.13904473242181611,2.1447996145899864,-0.600391,-0.470834,-0.819107,1.116195063693887,1332
459,0.30264125052696966,0.13450570601458225,2.112159295404521,-0.60039,-0.470833,-0.790874,1.0871524218929522,1225
460,0.3256399451480477,0.11885188528861695,2.094646935615407,-0.60039,-0.470832,-0.762642,1.0978426771992311,1308
461,0.30450436707349454,0.15200129457088535,2.1117447352655057,-0.600389,-0.470831,-0.73441,1.0985226774782757,1296
462,0.2992295594832044,0.1260831964761404,2.0347868624990983,-0.600389,-0.47083,-0.706178,1.0796383267993033,1521
463,0.28033190746092407,0.12808234298807844,2.020339152952957,-0.600389,-0.470829,-0.677946,1.0650653095461222,1380
464,0.31713208367218093,0.14698909854998612,1.9865759256521915,-0.600388,-0.470828,-0.649715,1.1061379078589293,1356
465,0.32734165807044174,0.1679080962020284,1.9423466888263026,-0.600388,-0.470828,-0.621483,1.1263507975115503,970
466,0.3360697794693603,0.2191702726881767,1.9821062679326713,-0.600379,-0.470837,-0.621496,1.1632052067164378,796
467,0.3593123595902968,0.2531103978803325,1.9962518542412442,-0.600371,-0.470845,-0.621556,1.2021246061846458,630
468,0.3880129672321723,0.2692893918208075,1.9883249430680279,-0.600365,-0.47085,-0.621603,1.234786348092202,500
469,0.4354736139994094,0.3129094261652787,1.981355449307536,-0.60036,-0.470855,-0.62164,1.2989372392895917,500
470,0.42936459609372685,0.32822868796703425,2.0313809339006346,-0.600356,-0.470859,-0.621669,1.3034054008941809,500
471,0.4146905324679049,0.31310038336439033,2.020893371359371,-0.600353,-0.470862,-0.621692,1.2825406002678035,500
472,0.39638039785867824,0.3452681275420133,2.0947042481385902,-0.60035,-0.470864,-0.621709,1.2882325627082138,500
473,0.4153335388953799,0.3351998585661885,2.0360059257750147,-0.600348,-0.470866,-0.621722,1.2966692549755832,500
474,0.4340118497713239,0.36597637779155856,2.0497605922592417,-0.600346,-0.470867,-0.621732,1.3304897595762029,500
475,0.4420728106032954,0.4200822219543998,2.107183841909083,-0.600345,-0.470868,-0.621739,1.371286691346329,500
476,0.4510499652449206,0.42937046380400207,2.1025930792104166,-0.600344,-0.470869,-0.621745,1.3841460769527016,500
477,0.44280810517397073,0.42206510288368465,2.112638460810347,-0.600343,-0.47087,-0.621749,1.3731341253452167,500
478,0.4594515020226971,0.4340139665987251,2.098246412828651,-0.600343,-0.470871,-0.621753,1.3935498517433498,500
479,0.45259317321166204,0.4412856014311624,2.1253162133734236,-0.600342,-0.470871,-0.621755,1.393090860109534,500
480,0.4306612020601378,0.42310987410346146,2.1236930482549496,-0.600342,-0.470872,-0.621757,1.3646139358381897,500
481,0.42200013491698674,0.4303211385114118,2.148049036802307,-0.600341,-0.470872,-0.621759,1.3628391207488144,500
482,0.44569933211939067,0.45118445781992106,2.1401682151005335,-0.600341,-0.470872,-0.62176,1.3944133131277345,500
483,0.4521099099232758,0.45839343646987823,2.146563879806544,-0.600341,-0.470872,-0.621761,1.4039897325891968,500
484,0.49405197950161356,0.4675638937628107,2.0941181570123644,-0.600341,-0.470873,-0.621761,1.4416517600161325,500
485,0.5128135202359535,0.4723567142375669,2.1085983991429407,-0.60034,-0.470873,-0.621762,1.459038400260383,500
486,0.4731744317389434,0.4857146724147758,2.125282015356986,-0.60034,-0.470873,-0.621762,1.4378780233968753,500
487,0.4687882858355487,0.4742656348282219,2.1464388985133716,-0.60034,-0.470873,-0.621763,1.426997663144062,500
488,0.461430155519452,0.454202426057078,2.131573224182798,-0.60034,-0.470873,-0.621763,1.4082330798012401,500
489,0.4594443696710549,0.46326085540987333,2.1423639788078424,-0.60034,-0.470873,-0.621763,1.4127097968167381,500
490,0.44292434163554933,0.4715070244584904,2.1548668396737876,-0.60034,-0.470873,-0.621763,1.4058736063482524,500
491,0.46100686557345966,0.48355882636154235,2.153575019921087,-0.60034,-0.470873,-0.621763,1.4273742607439848,500
492,0.45866048281347016,0.48517406562521814,2.130448501567327,-0.60034,-0.470873,-0.621763,1.4267123095739216,500
493,0.43529748619561937,0.4478259422716596,2.1423433339861138,-0.60034,-0.470873,-0.621763,1.3843961677730285,500
494,0.4360806600173242,0.4299018068298161,2.1535896130837355,-0.60034,-0.470873,-0.621763,1.3731580524943363,500
495,0.4210993315302288,0.39784454111383616,2.129755499412028,-0.60034,-0.470873,-0.621763,1.340898383262427,500
496,0.42528703275786006,0.3887870904834005,2.1143285414090385,-0.60034,-0.470873,-0.621763,1.3382549389012621,500
497,0.40049402632700004,0.372680077495851,2.1207806705174264,-0.60034,-0.470873,-0.621763,1.3089119690821973,500
498,0.38464011976440926,0.3567979377634507,2.136810581705013,-0.60034,-0.470873,-0.621763,1.2865554856085064,500
499,0.377180413878166,0.3786622740109867,2.175320107387968,-0.60034,-0.470873,-0.621763,1.2950893178995273,500
500,0.3877515463993371,0.4076389950974199,2.1744535628927713,-0.60034,-0.470873,-0.621763,1.3221604401871516,500
501,0.39180802051040287,0.4297158876487819,2.1943425198201294,-0.60034,-0.470873,-0.621763,1.339932102443695,500
502,0.4083186961936045,0.42119675594692085,2.1800718081760238,-0.60034,-0.470873,-0.621763,1.3465440263438033,500
503,0.4253035190641634,0.44586904942131966,2.1645504517714795,-0.60034,-0.470873,-0.621763,1.3756309873565373,500
504,0.4417691649156161,0.46835105739817995,2.158747968336191,-0.60034,-0.470873,-0.621763,1.4029017576425735,500
505,0.45908504263981864,0.47550501714955984,2.141317274590196,-0.60034,-0.470873,-0.621763,1.4205677640705192,500
506,0.46661297191983875,0.4626122272850177,2.1313953823410077,-0.60034,-0.470873,-0.621763,1.4176682665024063,500
507,0.47648413755826863,0.48691442212900965,2.1326035312647784,-0.60034,-0.470873,-0.621763,1.4411477957574799,500
508,0.4757846146914636,0.5034296611578912,2.138088513554792,-0.60034,-0.470873,-0.621763,1.4516576255729858,500
509,0.44559640711351245,0.4896800506020055,2.1568953045803045,-0.60034,-0.470873,-0.621763,1.4200863110199824,500
510,0.4429888848286766,0.49985428246489927,2.1501803035907927,-0.60034,-0.470873,-0.621763,1.4250777588747703,500
511,0.43838284348052525,0.48421530154272335,2.153689145661186,-0.60034,-0.470873,-0.621763,1.4110771804944022,500
512,0.4566317244561446,0.47277598824154354,2.145202053709756,-0.60034,-0.470873,-0.621763,1.4169201245338725,500
513,0.4394100367856355,0.48631276600455153,2.1594092318338083,-0.60034,-0.470873,-0.621763,1.413253243278589,500
514,0.4035183528241212,0.44349924737644075,2.151054734965195,-0.60034,-0.470873,-0.621763,1.3578689919528322,500
515,0.4174441623119939,0.44530370397364905,2.1603105056414846,-0.60034,-0.470873,-0.621763,1.3694029187777959,500
516,0.4379093653946289,0.4692360351131891,2.1761487665604418,-0.60034,-0.470873,-0.621763,1.4006308373885679,500
